,Symbol,Name,Sector,Industry,Full Time Employees,Total ESG Risk score,Environment Risk Score,Governance Risk Score,Social Risk Score,Controversy Level,Controversy Score,ESG Risk Percentile,ESG Risk Level,Return on Assets (ttm),Return on Equity (ttm),Return on Investment (ttm)
0,ENPH,"Enphase Energy, Inc.",Technology,Solar,3157.0,21.50205145479101,5.732427149302177,6.726210470323319,9.042999038816031,Moderate Controversy Level,Moderado,0.3553239801202164,Medium,0.152,0.7170000000000001,0.186
1,EMN,Eastman Chemical Company,Basic Materials,Specialty Chemicals,14000.0,25.3,12.8,6.6,5.8,Moderate Controversy Level,Moderado,0.5,Medium,0.053,0.146,0.095
2,DPZ,Domino's Pizza Inc.,Consumer Cyclical,Restaurants,6500.0,29.2,10.6,6.3,12.2,Moderate Controversy Level,Moderado,0.66,Medium,0.2739999999999999,-0.107,0.777
3,DVA,Davita Inc.,Healthcare,Medical Care Facilities,70000.0,22.6,0.1,8.4,14.1,Moderate Controversy Level,Moderado,0.38,Medium,0.033,0.8320000000000001,0.118
4,DRI,"Darden Restaurants, Inc.",Consumer Cyclical,Restaurants,187384.0,27.5,7.9,4.6,15.0,Moderate Controversy Level,Moderado,0.59,Medium,0.09,0.424,0.248
5,ZTS,Zoetis Inc.,Healthcare,Drug Manufacturers - Specialty & Generic,14100.0,18.8,3.2,8.7,6.8,Moderate Controversy Level,Moderado,0.23,Low,0.15,0.462,0.172
6,ZBH,"Zimmer Biomet Holdings, Inc.",Healthcare,Medical Devices,18000.0,26.0,3.6,7.9,14.5,Moderate Controversy Level,Moderado,0.53,Medium,0.011,0.019,0.033
7,ZBRA,Zebra Technologies Corporation,Technology,Communication Equipment,9750.0,21.501910916273044,5.732411686564014,6.726210801879841,9.043020793958847,Moderate Controversy Level,Moderado,0.355384949003844,Medium,0.065,0.171,0.094
8,YUM,"Yum! Brands, Inc.",Consumer Cyclical,Restaurants,35000.0,20.1,4.5,4.1,11.4,Moderate Controversy Level,Moderado,0.28,Medium,0.228,-0.154,0.622
9,XYL,Xylem Inc,Industrials,Specialty Industrial Machinery,23000.0,18.1,4.3,5.2,8.7,Low Controversy Level,Bajo,0.21,Low,0.044,0.108,0.074
10,XEL,"Xcel Energy, Inc.",Utilities,Utilities - Regulated Electric,11311.0,26.5,12.7,4.5,9.3,Moderate Controversy Level,Moderado,0.55,Medium,0.0289999999999999,0.107,0.062
11,WYNN,Wynn Resorts Ltd,Consumer Cyclical,Resorts & Casinos,27800.0,25.7,3.4,10.6,11.8,Moderate Controversy Level,Moderado,0.52,Medium,-0.034,0.6890000000000001,-0.01
12,WTW,Willis Towers Watson Public Limited Companys,Financial Services,Insurance Brokers,48000.0,18.7,0.1,10.8,7.8,Moderate Controversy Level,Moderado,0.23,Low,0.031,0.0969999999999999,0.067
13,WMB,Williams Companies Inc.,Energy,Oil & Gas Midstream,5601.0,21.8,8.7,3.0,10.1,Moderate Controversy Level,Moderado,0.35,Medium,0.043,0.181,0.075
14,WY,Weyerhaeuser Company,Real Estate,REIT - Specialty,9300.0,16.7,9.1,3.5,4.2,Moderate Controversy Level,Moderado,0.16,Low,0.108,0.176,0.1369999999999999
15,WRK,Westrock Company,Consumer Cyclical,Packaging & Containers,56100.0,21.50092290469896,5.732302980676842,6.726213132783031,9.043173736605516,Moderate Controversy Level,Moderado,0.3558135714452421,Medium,0.0279999999999999,0.07,0.055
16,WDC,Western Digital Corp.,Technology,Computer Hardware,53000.0,11.4,1.5,6.1,3.9,Moderate Controversy Level,Moderado,0.04,Low,-0.004,-0.008,0.092
17,WST,"West Pharmaceutical Services, Inc.",Healthcare,Medical Instruments & Supplies,10600.0,21.50189279739844,5.732409693036415,6.726210844625638,9.043023598732304,Moderate Controversy Level,Moderado,0.3553928093938155,Medium,0.172,0.237,0.1939999999999999
18,WELL,Welltower Inc.,Real Estate,REIT - Healthcare Facilities,533.0,13.2,4.2,5.5,3.5,Low Controversy Level,Bajo,0.07,Low,0.011,0.021,0.02
19,WFC,Wells Fargo & Co.,Financial Services,Banks - Diversified,224824.0,36.2,2.0,19.4,14.8,Severe Controversy Level,Severo,0.87,High,0.006,0.076,0.123
20,WEC,"Wec Energy Group, Inc.",Utilities,Utilities - Regulated Electric,7000.0,27.5,13.4,5.1,9.0,Low Controversy Level,Bajo,0.59,Medium,0.035,0.124,0.0559999999999999
21,WAT,Waters Corp,Healthcare,Diagnostics & Research,7900.0,14.6,1.4,5.1,8.2,None Controversy Level,Moderado,0.1,Low,0.228,1.709,0.357
22,WM,"Waste Management, Inc.",Industrials,Waste Management,48000.0,16.6,8.1,3.3,5.2,Moderate Controversy Level,Moderado,0.16,Low,0.074,0.318,0.123
23,WBD,"Warner Bros. Discovery, Inc. Series a",Communication Services,Entertainment,35300.0,21.50136628421872,5.732351763469787,6.726212086768224,9.043105102149193,Moderate Controversy Level,Moderado,0.3556212230788758,Medium,-0.067,-0.187,-0.059
24,WMT,Walmart Inc.,Consumer Defensive,Discount Stores,2100000.0,25.3,5.9,7.1,12.4,Significant Controversy Level,Significativo,0.5,Medium,0.0559999999999999,0.179,0.143
25,WBA,"Walgreens Boots Alliance, Inc",Healthcare,Pharmaceutical Retailers,330000.0,16.3,1.8,5.2,9.3,Significant Controversy Level,Significativo,0.15,Low,-0.032,-0.12,0.046
26,WAB,Wabtec Inc.,Industrials,Railroads,29000.0,23.3,5.4,6.0,12.0,Moderate Controversy Level,Moderado,0.42,Medium,0.034,0.063,0.057
27,GWW,"W.W. Grainger, Inc.",Industrials,Industrial Distribution,23200.0,16.0,4.5,5.9,5.6,Moderate Controversy Level,Moderado,0.14,Low,0.215,0.685,0.353
28,WRB,W.R. Berkley Corporation,Financial Services,Insurance - Property & Casualty,8329.0,21.8,2.0,11.9,7.9,Low Controversy Level,Bajo,0.35,Medium,0.042,0.209,0.153
29,VMC,Vulcan Materials Company,Basic Materials,Building Materials,10961.0,29.3,13.4,9.1,6.8,Moderate Controversy Level,Moderado,0.66,Medium,0.04,0.085,0.069
30,V,Visa Inc.,Financial Services,Credit Services,67100.80971578784,16.7,1.8,6.7,8.2,Significant Controversy Level,Significativo,0.16,Low,0.176,0.444,0.281
31,VICI,Vici Properties Inc.,Real Estate,REIT - Diversified,28.0,21.50211815356589,5.732434487829061,6.726210312968496,9.042988713949988,Moderate Controversy Level,Moderado,0.3552950446376028,Medium,0.033,0.055,0.044
32,VTRS,Viatris Inc.,Healthcare,Drug Manufacturers - Specialty & Generic,33000.0,21.50141531176177,5.732357157720935,6.72621197110312,9.043097512762197,Moderate Controversy Level,Moderado,0.3555999537883642,Medium,0.0409999999999999,0.103,0.022
33,VRTX,Vertex Pharmaceuticals Inc,Healthcare,Biotechnology,5400.0,22.7,0.8,6.6,15.4,Moderate Controversy Level,Moderado,0.39,Medium,0.205,0.267,0.236
34,VZ,Verizon Communications,Communication Services,Telecom Services,104400.0,18.7,3.7,5.4,9.6,Significant Controversy Level,Significativo,0.23,Low,0.057,0.244,0.1009999999999999
35,VRSK,"Verisk Analytics, Inc.",Industrials,Consulting Services,7500.0,17.5,0.1,5.0,12.5,Low Controversy Level,Bajo,0.19,Low,0.129,0.436,0.216
36,VRSN,Verisign Inc,Technology,Software - Infrastructure,907.0,21.3,4.7,5.8,10.8,Low Controversy Level,Bajo,0.33,Medium,0.374,-0.461,3.264
37,VTR,"Ventas, Inc.",Real Estate,REIT - Healthcare Facilities,486.0,12.9,3.4,5.6,3.9,None Controversy Level,Moderado,0.06,Low,-0.002,-0.004,0.021
38,VLO,Valero Energy Corporation,Energy,Oil & Gas Refining & Marketing,9886.0,32.6,20.1,5.0,7.4,Moderate Controversy Level,Moderado,0.77,High,0.187,0.539,0.3429999999999999
39,UHS,"Universal Health Services, Inc. Class B",Healthcare,Medical Care Facilities,96700.0,33.0,3.7,8.6,20.7,Significant Controversy Level,Significativo,0.78,High,0.051,0.115,0.074
40,UNH,Unitedhealth Group Incorporated,Healthcare,Healthcare Plans,440000.0,15.3,0.0,5.6,9.7,Significant Controversy Level,Significativo,0.12,Low,0.086,0.27,0.168
41,URI,"United Rentals, Inc.",Industrials,Rental & Leasing Services,26650.0,16.9,5.3,5.4,6.1,Low Controversy Level,Bajo,0.17,Low,0.0969999999999999,0.33,0.138
42,UPS,"United Parcel Service, Inc. Class B",Industrials,Integrated Freight & Logistics,500000.0,18.6,4.2,5.5,8.9,Moderate Controversy Level,Moderado,0.23,Low,0.1639999999999999,0.675,0.249
43,UAL,"United Airlines Holdings, Inc.",Industrials,Airlines,104500.0,28.6,10.8,5.0,12.8,Moderate Controversy Level,Moderado,0.64,Medium,0.011,0.152,0.054
44,UNP,Union Pacific Corp.,Industrials,Railroads,31052.0,23.5,7.3,5.6,10.6,Moderate Controversy Level,Moderado,0.42,Medium,0.108,0.5770000000000001,0.172
45,ULTA,"Ulta Beauty, Inc.",Consumer Cyclical,Specialty Retail,20000.0,15.6,4.1,4.3,7.3,Moderate Controversy Level,Moderado,0.13,Low,0.238,0.6829999999999999,0.643
46,UDR,"Udr, Inc.",Real Estate,REIT - Residential,1397.0,13.9,3.7,6.3,3.9,Low Controversy Level,Bajo,0.09,Low,0.008,0.022,0.026
47,USB,U.S. Bancorp,Financial Services,Banks - Regional,70000.0,30.3,1.8,13.0,15.5,Significant Controversy Level,Significativo,0.7,High,0.009,0.129,0.1369999999999999
48,TSN,"Tyson Foods, Inc.",Consumer Defensive,Farm Products,139000.0,35.9,14.0,9.5,12.4,High Controversy Level,Alto,0.85,High,0.067,0.125,0.125
49,TYL,"Tyler Technologies, Inc.",Technology,Software - Application,7305.0,21.50196303468294,5.732417420887513,6.7262106789228095,9.0430127261105,Moderate Controversy Level,Moderado,0.3553623388232783,Medium,0.035,0.066,0.053
50,TFC,Truist Financial Corporation,Financial Services,Banks - Regional,49218.0,21.5010696036343,5.732319121214392,6.72621278669294,9.043151027839729,Moderate Controversy Level,Moderado,0.3557499300290243,Medium,0.011,0.107,0.125
51,TRMB,Trimble Inc.,Technology,Scientific & Technical Instruments,12700.0,12.4,3.8,5.2,3.4,None Controversy Level,Moderado,0.06,Low,0.063,0.114,0.088
52,TDG,Transdigm Group Incorporated,Industrials,Aerospace & Defense,15500.0,38.7,12.0,9.0,17.7,Moderate Controversy Level,Moderado,0.9,High,0.046,-0.263,0.121
53,TT,Trane Technologies Plc,Industrials,Building Products & Equipment,40000.0,15.2,4.4,5.1,5.7,Moderate Controversy Level,Moderado,0.12,Low,0.099,0.297,0.187
54,TSCO,Tractor Supply Co,Consumer Cyclical,Specialty Retail,50000.0,16.1,3.4,4.5,8.2,Moderate Controversy Level,Moderado,0.14,Low,0.136,0.5660000000000001,0.345
55,TJX,"Tjx Companies, Inc.",Consumer Cyclical,Apparel Retail,349000.0,14.4,1.9,4.8,7.7,Moderate Controversy Level,Moderado,0.1,Low,0.12,0.593,0.363
56,TMO,"Thermo Fisher Scientific, Inc.",Healthcare,Diagnostics & Research,122000.0,12.8,1.4,6.5,4.9,Significant Controversy Level,Significativo,0.06,Low,0.075,0.163,0.096
57,DIS,The Walt Disney Company,Communication Services,Entertainment,173250.0,15.7,0.0,6.7,9.0,Moderate Controversy Level,Moderado,0.13,Low,0.016,0.035,0.033
58,TRV,"The Travelers Companies, Inc.",Financial Services,Insurance - Property & Casualty,32967.0,20.3,1.0,10.0,9.3,Low Controversy Level,Bajo,0.29,Medium,0.024,0.126,0.111
59,SO,The Southern Company,Utilities,Utilities - Regulated Electric,27819.0,33.0,14.7,7.3,11.0,Moderate Controversy Level,Moderado,0.78,High,0.027,0.119,0.052
60,SHW,The Sherwin-Williams Company,Basic Materials,Specialty Chemicals,64088.0,29.4,14.3,5.8,9.2,Moderate Controversy Level,Moderado,0.66,Medium,0.091,0.795,0.151
61,MOS,The Mosaic Company,Basic Materials,Agricultural Inputs,14049.0,33.5,13.9,8.6,11.1,Moderate Controversy Level,Moderado,0.8,High,0.152,0.305,0.2269999999999999
62,KR,The Kroger Co.,Consumer Defensive,Grocery Stores,414000.0,21.3,6.6,5.6,9.1,Significant Controversy Level,Significativo,0.33,Medium,0.049,0.251,0.136
63,KHC,The Kraft Heinz Company,Consumer Defensive,Packaged Foods,36000.0,33.7,13.5,6.2,14.1,Significant Controversy Level,Significativo,0.8,High,0.026,0.048,0.045
64,SJM,The J.M. Smucker Company,Consumer Defensive,Packaged Foods,5800.0,30.5,12.9,5.6,12.0,Moderate Controversy Level,Moderado,0.71,High,0.044,0.087,0.064
65,IPG,"The Interpublic Group of Companies, Inc.",Communication Services,Advertising Agencies,56800.0,10.3,0.0,5.3,5.0,Low Controversy Level,Bajo,0.03,Low,0.053,0.268,0.16
66,HSY,The Hershey Company,Consumer Defensive,Confectioners,18650.0,26.0,10.5,5.1,10.4,Significant Controversy Level,Significativo,0.53,Medium,0.153,0.54,0.223
67,HIG,"The Hartford Financial Services Group, Inc.",Financial Services,Insurance - Property & Casualty,18700.0,16.6,1.8,7.6,7.2,Low Controversy Level,Bajo,0.16,Low,0.025,0.13,0.115
68,EL,The Estee Lauder Companies Inc. Class A,Consumer Defensive,Household & Personal Products,44020.0,25.5,6.9,7.5,11.1,Moderate Controversy Level,Moderado,0.51,Medium,0.072,0.258,0.231
69,COO,"The Cooper Companies, Inc.",Healthcare,Medical Instruments & Supplies,15000.0,17.5,2.7,6.0,8.8,Moderate Controversy Level,Moderado,0.19,Low,0.037,0.061,0.042
70,CI,The Cigna Group,Healthcare,Healthcare Plans,70325.0,11.6,0.0,5.7,6.0,Moderate Controversy Level,Moderado,0.03,Low,0.045,0.147,0.105
71,SCHW,The Charles Schwab Corporation,Financial Services,Capital Markets,32600.0,23.3,2.4,11.9,8.9,Moderate Controversy Level,Moderado,0.41,Medium,0.011,0.213,0.017
72,ALL,The Allstate Corporation,Financial Services,Insurance - Property & Casualty,53000.0,22.0,1.0,10.9,10.1,Moderate Controversy Level,Moderado,0.36,Medium,-0.015,-0.08,-0.0579999999999999
73,TXT,"Textron, Inc.",Industrials,Aerospace & Defense,35000.0,33.6,10.9,6.6,16.1,Moderate Controversy Level,Moderado,0.8,High,0.054,0.125,0.068
74,TXN,Texas Instruments Incorporated,Technology,Semiconductors,34000.0,20.6,7.8,6.9,6.0,Moderate Controversy Level,Moderado,0.3,Medium,0.337,0.609,0.38
75,TSLA,"Tesla, Inc.",Consumer Cyclical,Auto Manufacturers,140473.0,25.2,3.3,7.8,14.1,Significant Controversy Level,Significativo,0.5,Medium,0.173,0.325,0.261
76,TER,"Teradyne, Inc.",Technology,Semiconductor Equipment & Materials,6600.0,17.0,7.1,5.0,4.9,None Controversy Level,Moderado,0.17,Low,0.206,0.302,0.283
77,TFX,Teleflex Incorporated,Healthcare,Medical Instruments & Supplies,14500.0,29.6,4.8,8.7,16.1,Moderate Controversy Level,Moderado,0.67,Medium,0.053,0.093,0.073
78,TDY,Teledyne Technologies Incorporated,Technology,Scientific & Technical Instruments,14900.0,21.50180113720926,5.732399608132107,6.726211060869084,9.043037787586254,Moderate Controversy Level,Moderado,0.3554325737195549,Medium,0.0559999999999999,0.1,0.071
79,TEL,Te Connectivity Ltd,Technology,Electronic Components,85000.0,14.8,5.8,4.6,4.4,None Controversy Level,Moderado,0.11,Low,0.106,0.21,0.163
80,TGT,Target Corporation,Consumer Defensive,Discount Stores,415000.0,14.4,1.9,4.9,7.6,Significant Controversy Level,Significativo,0.1,Low,0.079,0.374,0.276
81,TPR,"Tapestry, Inc.",Consumer Cyclical,Luxury Goods,12600.0,14.8,1.1,5.2,8.6,Moderate Controversy Level,Moderado,0.11,Low,0.1159999999999999,0.356,0.2339999999999999
82,TTWO,Take-Two Interactive Software Inc,Communication Services,Electronic Gaming & Multimedia,12371.0,21.50185504619029,5.732405539463037,6.72621093368776,9.043029442560297,Moderate Controversy Level,Moderado,0.3554091867475097,Medium,-0.0279999999999999,-0.05,0.1119999999999999
83,TMUS,"T-Mobile Us, Inc.",Communication Services,Telecom Services,67000.0,24.6,4.2,7.1,13.4,Significant Controversy Level,Significativo,0.47,Medium,0.012,0.037,0.04
84,TROW,T Rowe Price Group Inc,Financial Services,Asset Management,7878.0,16.9,2.4,5.6,8.9,Low Controversy Level,Bajo,0.17,Low,0.127,0.17,0.212
85,SYY,Sysco Corporation,Consumer Defensive,Food Distribution,72000.0,15.9,5.4,4.5,6.1,Moderate Controversy Level,Moderado,0.14,Low,0.064,1.081,0.162
86,SNPS,Synopsys Inc,Technology,Software - Infrastructure,20300.0,14.4,3.3,4.2,6.9,None Controversy Level,Moderado,0.1,Low,0.1,0.1689999999999999,0.185
87,SYF,Synchrony Financial,Financial Services,Credit Services,20000.0,17.3,0.1,7.3,9.9,Moderate Controversy Level,Moderado,0.18,Low,0.03,0.239,0.429
88,SYK,Stryker Corporation,Healthcare,Medical Devices,52000.0,28.3,4.0,11.0,13.2,Moderate Controversy Level,Moderado,0.62,Medium,0.065,0.148,0.085
89,STE,Steris Plc,Healthcare,Medical Devices,18000.0,21.501735056607757,5.732392337619691,6.726211216765525,9.043048016760036,Moderate Controversy Level,Moderado,0.3554612410241575,Medium,-0.003,-0.005,0.037
90,STT,State Street Corporation,Financial Services,Asset Management,45871.0,24.1,1.6,9.5,12.9,Low Controversy Level,Bajo,0.45,Medium,0.009,0.1119999999999999,0.052
91,SBUX,Starbucks Corp,Consumer Cyclical,Restaurants,381000.0,24.7,5.8,4.3,14.6,Significant Controversy Level,Significativo,0.48,Medium,0.1169999999999999,-0.382,0.579
92,SWK,"Stanley Black & Decker, Inc.",Industrials,Tools & Accessories,50000.0,25.3,5.0,7.8,12.5,Moderate Controversy Level,Moderado,0.5,Medium,0.039,0.118,0.026
93,LUV,Southwest Airlines Co.,Industrials,Airlines,74695.0,30.7,11.0,5.9,13.7,Moderate Controversy Level,Moderado,0.71,High,0.015,0.05,0.034
94,SNA,Snap-on Incorporated,Industrials,Tools & Accessories,13200.0,30.5,9.0,7.6,13.9,Moderate Controversy Level,Moderado,0.71,High,0.132,0.209,0.165
95,SWKS,Skyworks Solutions Inc,Technology,Semiconductors,9750.0,28.0,11.8,7.2,8.9,Low Controversy Level,Bajo,0.61,Medium,0.135,0.22,0.173
96,SPG,"Simon Property Group, Inc.",Real Estate,REIT - Retail,2500.0,14.0,3.8,6.2,4.0,Low Controversy Level,Bajo,0.09,Low,0.065,0.6940000000000001,0.092
97,NOW,"Servicenow, Inc.",Technology,Software - Application,22668.0,16.6,4.0,6.6,6.0,None Controversy Level,Moderado,0.16,Low,0.0279999999999999,0.073,0.043
98,SRE,Sempra,Utilities,Utilities - Diversified,16835.0,23.6,10.9,4.9,7.8,Moderate Controversy Level,Moderado,0.43,Medium,0.027,0.081,0.032
99,STX,Seagate Technology Holdings Plcs,Technology,Computer Hardware,33400.0,10.7,1.6,5.3,3.8,Low Controversy Level,Bajo,0.02,Low,0.072,-8.495,0.3339999999999999
100,SLB,Schlumberger Limited,Energy,Oil & Gas Equipment & Services,111000.0,20.3,8.1,5.9,6.3,Low Controversy Level,Bajo,0.29,Medium,0.08,0.207,0.124
101,SBAC,Sba Communications Corp,Real Estate,REIT - Specialty,1787.0,11.6,3.1,5.2,3.2,None Controversy Level,Moderado,0.04,Low,0.045,-0.086,0.113
102,CRM,"Salesforce, Inc.",Technology,Software - Application,72682.0,14.9,2.0,5.4,7.5,Low Controversy Level,Bajo,0.11,Low,0.006,0.009,0.006
103,SPGI,S&p Global Inc.,Financial Services,Financial Data & Stock Exchanges,40450.0,13.0,0.0,6.8,6.2,Low Controversy Level,Bajo,0.07,Low,0.051,0.085,0.079
104,RTX,Rtx Corporation,Industrials,Aerospace & Defense,185000.0,21.498175230655825,5.732000668080151,6.726219615057492,9.04359907225074,Moderate Controversy Level,Moderado,0.3570055764656573,Medium,0.033,0.073,0.045
105,RCL,Royal Caribbean Group,Consumer Cyclical,Travel Services,98100.0,20.7,8.1,4.9,7.7,Significant Controversy Level,Significativo,0.31,Medium,-0.064,-0.6409999999999999,-0.033
106,ROST,Ross Stores Inc,Consumer Cyclical,Apparel Retail,108000.0,18.2,1.8,5.7,10.8,Moderate Controversy Level,Moderado,0.21,Low,0.111,0.36,0.276
107,ROP,"Roper Technologies, Inc.",Technology,Software - Application,16800.0,20.4,4.7,6.1,9.7,None Controversy Level,Moderado,0.3,Medium,0.178,0.318,0.054
108,ROL,"Rollins, Inc.",Consumer Cyclical,Personal Services,19000.0,19.3,1.8,6.9,10.6,Low Controversy Level,Bajo,0.26,Low,0.173,0.313,0.275
109,ROK,"Rockwell Automation, Inc.",Industrials,Specialty Industrial Machinery,29000.0,17.7,5.4,5.7,6.6,Moderate Controversy Level,Moderado,0.19,Low,0.099,0.402,0.14
110,RHI,Robert Half Inc.,Industrials,Staffing & Employment Services,15000.0,10.9,0.1,3.4,7.4,Low Controversy Level,Bajo,0.03,Low,0.2239999999999999,0.44,0.414
111,RMD,Resmed Inc.,Healthcare,Medical Instruments & Supplies,80911.83095311199,26.4,3.5,10.4,12.4,Low Controversy Level,Bajo,0.55,Medium,0.148,0.2339999999999999,0.198
112,RSG,Republic Services Inc.,Industrials,Waste Management,41000.0,20.9,11.2,3.7,6.0,Significant Controversy Level,Significativo,0.31,Medium,0.054,0.159,0.095
113,RF,Regions Financial Corp.,Financial Services,Banks - Regional,20101.0,16.9,1.8,8.4,6.7,Moderate Controversy Level,Moderado,0.17,Low,0.013,0.148,0.2339999999999999
114,REGN,Regeneron Pharmaceuticals Inc,Healthcare,Biotechnology,13677.0,18.0,0.3,6.7,11.0,Moderate Controversy Level,Moderado,0.21,Low,0.157,0.205,0.166
115,REG,Regency Centers Corporation,Real Estate,REIT - Retail,492.0,11.7,3.7,4.8,3.2,None Controversy Level,Moderado,0.05,Low,0.044,0.079,0.048
116,O,Realty Income Corporation,Real Estate,REIT - Retail,418.0,15.5,4.4,5.7,5.3,Moderate Controversy Level,Moderado,0.13,Low,0.019,0.032,0.016
117,RJF,"Raymond James Financial, Inc.",Financial Services,Capital Markets,18000.0,27.0,2.3,13.4,11.2,Moderate Controversy Level,Moderado,0.57,Medium,0.02,0.1689999999999999,0.023
118,RL,Ralph Lauren Corporation,Consumer Cyclical,Apparel Manufacturing,14800.0,14.6,1.2,5.6,7.8,Moderate Controversy Level,Moderado,0.1,Low,0.072,0.214,0.142
119,DGX,Quest Diagnostics Inc.,Healthcare,Diagnostics & Research,50000.0,21.2,0.1,8.0,13.1,Significant Controversy Level,Significativo,0.33,Medium,0.071,0.151,0.1169999999999999
120,PWR,"Quanta Services, Inc.",Industrials,Engineering & Construction,52500.0,36.9,12.1,9.0,15.7,Moderate Controversy Level,Moderado,0.88,High,0.037,0.094,0.075
121,QCOM,Qualcomm Inc,Technology,Semiconductors,50000.0,15.4,5.3,5.6,4.5,Significant Controversy Level,Significativo,0.12,Low,0.247,0.711,0.412
122,QRVO,"Qorvo, Inc.",Technology,Semiconductors,8700.0,28.5,12.3,7.7,8.5,None Controversy Level,Moderado,0.63,Medium,0.062,0.105,0.163
123,PHM,"Pultegroup, Inc.",Consumer Cyclical,Residential Construction,6382.0,21.4,9.2,4.9,7.3,Moderate Controversy Level,Moderado,0.34,Medium,0.186,0.3229999999999999,0.226
124,PSA,Public Storage,Real Estate,REIT - Industrial,6200.0,13.1,4.7,5.7,2.6,Low Controversy Level,Bajo,0.07,Low,0.235,0.741,0.3379999999999999
125,PEG,Public Service Enterprise Group Incorporated,Utilities,Utilities - Regulated Electric,12543.0,27.2,12.5,5.5,9.3,Moderate Controversy Level,Moderado,0.58,Medium,0.021,0.076,0.0409999999999999
126,PTC,"Ptc, Inc",Technology,Software - Application,7438.0,18.9,4.9,5.4,8.6,None Controversy Level,Moderado,0.24,Low,0.074,0.153,0.1
127,PRU,"Prudential Financial, Inc.",Financial Services,Insurance - Life,40366.0,19.9,0.6,9.3,10.0,Low Controversy Level,Bajo,0.28,Low,-0.002,-0.0559999999999999,-0.038
128,PLD,"Prologis, Inc.",Real Estate,REIT - Industrial,2574.0,10.3,2.7,5.0,2.5,Low Controversy Level,Bajo,0.03,Low,0.05,0.086,0.0279999999999999
129,PGR,Progressive Corporation,Financial Services,Insurance - Property & Casualty,61432.0,20.0,1.5,10.1,8.5,Moderate Controversy Level,Moderado,0.28,Medium,0.009,0.045,0.044
130,PG,Procter & Gamble Company,Consumer Defensive,Household & Personal Products,107000.0,28.6,9.6,6.7,12.2,Significant Controversy Level,Significativo,0.63,Medium,0.119,0.316,0.1889999999999999
131,PFG,"Principal Financial Group, Inc.",Financial Services,Asset Management,19800.0,14.2,0.8,7.6,5.8,Low Controversy Level,Bajo,0.09,Low,0.017,0.4539999999999999,0.085
132,PPL,Ppl Corporation,Utilities,Utilities - Regulated Electric,6629.0,31.3,17.1,5.3,8.9,Moderate Controversy Level,Moderado,0.74,High,0.021,0.054,0.042
133,PPG,"Ppg Industries, Inc.",Basic Materials,Specialty Chemicals,50000.0,25.2,11.0,6.5,7.7,Moderate Controversy Level,Moderado,0.5,Medium,0.048,0.1639999999999999,0.083
134,POOL,Pool Corporation,Industrials,Industrial Distribution,6000.0,21.501990852484543,5.732420481538701,6.726210613295441,9.043008419958312,Moderate Controversy Level,Moderado,0.3553502708127923,Medium,0.1969999999999999,0.616,0.301
135,PNC,Pnc Financial Services Group,Financial Services,Banks - Regional,54441.0,26.1,1.9,10.8,13.3,Significant Controversy Level,Significativo,0.53,Medium,0.01,0.121,0.154
136,PNW,Pinnacle West Capital Corporation,Utilities,Utilities - Regulated Electric,6133.0,30.8,14.7,5.8,10.2,Low Controversy Level,Bajo,0.72,High,0.021,0.08,0.044
137,PSX,Phillips 66,Energy,Oil & Gas Refining & Marketing,14000.0,35.4,20.8,5.8,8.8,Significant Controversy Level,Significativo,0.84,High,0.159,0.424,0.1989999999999999
138,PM,Philip Morris International Inc.,Consumer Defensive,Tobacco,82700.0,28.5,3.4,11.5,13.5,Significant Controversy Level,Significativo,0.63,Medium,0.195,-0.969,0.293
139,PFE,Pfizer Inc.,Healthcare,Drug Manufacturers - General,88000.0,24.6,2.1,9.6,12.9,Significant Controversy Level,Significativo,0.47,Medium,0.163,0.351,0.253
140,PEP,"Pepsico, Inc.",Consumer Defensive,Beverages - Non-Alcoholic,318000.0,22.1,7.3,5.2,9.6,Significant Controversy Level,Significativo,0.36,Medium,0.096,0.489,0.1689999999999999
141,PNR,Pentair Plc,Industrials,Specialty Industrial Machinery,10500.0,22.1,6.0,6.1,10.0,Low Controversy Level,Bajo,0.36,Medium,0.084,0.185,0.105
142,PYPL,"Paypal Holdings, Inc.",Financial Services,Credit Services,27200.0,17.8,2.8,5.8,9.2,Moderate Controversy Level,Moderado,0.2,Low,0.031,0.12,0.093
143,PAYC,"Paycom Software, Inc.",Technology,Software - Application,7308.0,21.501962970733967,5.732417413851526,6.726210679073682,9.043012736009691,Moderate Controversy Level,Moderado,0.355362366565831,Medium,0.064,0.264,0.223
144,PAYX,Paychex Inc,Industrials,Staffing & Employment Services,16000.0,16.7,3.2,6.4,7.2,Low Controversy Level,Bajo,0.16,Low,0.153,0.461,0.362
145,PH,Parker-Hannifin Corporation,Industrials,Specialty Industrial Machinery,62730.0,29.5,9.5,6.2,13.8,Moderate Controversy Level,Moderado,0.67,Medium,0.046,0.14,0.122
146,PARA,Paramount Global Class B,Communication Services,Entertainment,21900.0,15.0,0.1,7.4,7.5,Significant Controversy Level,Significativo,0.11,Low,0.018,0.046,0.051
147,PKG,Packaging Corp of America,Consumer Cyclical,Packaging & Containers,14900.0,18.6,14.0,3.6,1.1,Low Controversy Level,Bajo,0.23,Low,0.125,0.266,0.176
148,PCAR,Paccar Inc,Industrials,Farm & Heavy Construction Machinery,32400.0,27.6,8.4,8.3,11.0,Significant Controversy Level,Significativo,0.6,Medium,0.096,0.237,0.124
149,OTIS,Otis Worldwide Corporation,Industrials,Specialty Industrial Machinery,71000.0,21.50060529148529,5.73226803531074,6.726213882091715,9.043222902634332,Moderate Controversy Level,Moderado,0.3559513594576874,Medium,0.123,-0.253,0.7979999999999999
150,ORCL,Oracle Corp,Technology,Software - Infrastructure,164000.0,13.9,0.5,5.6,7.8,Moderate Controversy Level,Moderado,0.09,Low,0.074,-1.405,0.144
151,OKE,"Oneok, Inc.",Energy,Oil & Gas Midstream,4775.0,25.1,10.8,3.3,11.0,Low Controversy Level,Bajo,0.5,Medium,0.071,0.276,0.113
152,OMC,Omnicom Group Inc.,Communication Services,Advertising Agencies,75900.0,16.3,0.1,6.9,9.3,Low Controversy Level,Bajo,0.15,Low,0.052,0.445,0.174
153,ODFL,Old Dominion Freight Line,Industrials,Trucking,22891.0,21.50163079847164,5.7323808666273735,6.726211462729871,9.043064155756472,Moderate Controversy Level,Moderado,0.3555064706328065,Medium,0.287,0.386,0.367
154,OXY,Occidental Petroleum Corporation,Energy,Oil & Gas E&P,12570.0,41.7,25.0,7.0,9.7,Moderate Controversy Level,Moderado,0.93,Severe,0.171,0.69,0.322
155,ORLY,"O'reilly Automotive, Inc.",Consumer Cyclical,Specialty Retail,90601.0,12.1,0.1,3.8,8.1,Low Controversy Level,Bajo,0.05,Low,0.178,-2.3480000000000003,0.703
156,NXPI,Nxp Semiconductors N.v.,Technology,Semiconductors,34200.0,19.8,8.6,5.8,5.4,Low Controversy Level,Bajo,0.27,Low,0.124,0.3979999999999999,0.175
157,NVR,"Nvr, Inc.",Consumer Cyclical,Residential Construction,6300.0,20.3,7.2,5.2,7.8,Low Controversy Level,Bajo,0.29,Medium,0.313,0.561,0.3989999999999999
158,NVDA,Nvidia Corp,Technology,Semiconductors,29600.0,13.6,2.3,6.3,4.9,Moderate Controversy Level,Moderado,0.08,Low,0.103,0.187,0.133
159,NUE,Nucor Corporation,Basic Materials,Steel,32000.0,32.8,9.3,8.8,14.7,Moderate Controversy Level,Moderado,0.78,High,0.243,0.445,0.3279999999999999
160,NRG,"Nrg Energy, Inc.",Utilities,Utilities - Independent Power Producers,18131.0,32.0,16.8,5.7,9.5,Moderate Controversy Level,Moderado,0.75,High,0.039,0.253,0.133
161,NCLH,Norwegian Cruise Line Holdings Ltd.s,Consumer Cyclical,Travel Services,41000.0,25.9,9.0,6.1,10.9,Moderate Controversy Level,Moderado,0.53,Medium,-0.12,-3.155,-0.127
162,NOC,Northrop Grumman Corp.,Industrials,Aerospace & Defense,101000.0,27.5,7.8,5.4,14.4,Moderate Controversy Level,Moderado,0.59,Medium,0.115,0.349,0.094
163,NTRS,Northern Trust Corp,Financial Services,Asset Management,23000.0,23.9,1.9,10.2,11.8,Moderate Controversy Level,Moderado,0.44,Medium,0.008,0.124,0.009
164,NSC,Norfolk Southern Corp.,Industrials,Railroads,20700.0,23.9,8.0,5.4,10.5,Significant Controversy Level,Significativo,0.44,Medium,0.083,0.25,0.141
165,NDSN,Nordson Corp,Industrials,Specialty Industrial Machinery,7700.0,24.9,8.2,5.1,11.6,Low Controversy Level,Bajo,0.49,Medium,0.127,0.218,0.186
166,NI,Nisource Inc.,Utilities,Utilities - Regulated Gas,7364.0,26.0,12.0,4.9,9.2,Significant Controversy Level,Significativo,0.53,Medium,0.03,0.13,0.063
167,NKE,"Nike, Inc.",Consumer Cyclical,Footwear & Accessories,83700.0,19.6,3.0,6.7,10.0,Significant Controversy Level,Significativo,0.27,Low,0.141,0.368,0.246
168,NEE,"Nextra Energy, Inc.",Utilities,Utilities - Regulated Electric,16800.0,23.3,9.4,5.6,8.3,Moderate Controversy Level,Moderado,0.41,Medium,0.027,0.11,0.034
169,NWS,News Corporation Class B,Communication Services,Entertainment,25000.0,21.50158584234629,5.732375920333602,6.726211568789738,9.043071114894376,Moderate Controversy Level,Moderado,0.355525973647454,Medium,0.0616023988322663,0.1558648960419839,0.1479990183205723
170,NWSA,News Corporation Class A,Communication Services,Entertainment,25000.0,11.5,0.0,6.7,4.7,Moderate Controversy Level,Moderado,0.04,Low,0.018,0.037,0.067
171,NEM,Newmont Corporation,Basic Materials,Gold,21700.0,20.5,7.1,5.2,8.2,Significant Controversy Level,Significativo,0.3,Medium,-0.011,-0.021,-0.01
172,NFLX,Netflix Inc,Communication Services,Entertainment,13000.0,16.4,0.1,9.0,7.3,Moderate Controversy Level,Moderado,0.15,Low,0.096,0.231,0.128
173,NTAP,"Netapp, Inc",Technology,Computer Hardware,64594.85881837165,15.4,2.2,5.5,7.7,Low Controversy Level,Bajo,0.12,Low,0.132,1.356,0.288
174,NDAQ,"Nasdaq, Inc.",Financial Services,Financial Data & Stock Exchanges,8568.0,13.1,0.0,7.4,5.6,Low Controversy Level,Bajo,0.07,Low,0.052,0.1889999999999999,0.105
175,MSCI,"Msci, Inc.",Financial Services,Financial Data & Stock Exchanges,5858.0,16.3,1.6,7.7,7.0,Low Controversy Level,Bajo,0.15,Low,0.18,-0.873,0.295
176,MSI,"Motorola Solutions, Inc.",Technology,Communication Equipment,21000.0,13.1,2.3,5.8,5.1,Low Controversy Level,Bajo,0.07,Low,0.114,-5.187,0.246
177,MS,Morgan Stanley,Financial Services,Capital Markets,80000.0,24.6,1.1,10.5,12.9,Moderate Controversy Level,Moderado,0.47,Medium,0.009,0.113,0.015
178,MCO,Moody's Corporation,Financial Services,Financial Data & Stock Exchanges,15439.0,15.8,1.6,8.1,6.1,Moderate Controversy Level,Moderado,0.14,Low,0.096,0.581,0.163
179,MNST,Monster Beverage Corporation,Consumer Defensive,Beverages - Non-Alcoholic,5254.0,29.2,12.1,5.1,12.0,Moderate Controversy Level,Moderado,0.66,Medium,0.151,0.181,0.209
180,MPWR,"Monolithic Power Systems, Inc.",Technology,Semiconductors,3564.0,21.502042779047528,5.732426194754263,6.726210490791015,9.043000381807554,Moderate Controversy Level,Moderado,0.3553277438598851,Medium,0.2339999999999999,0.294,0.263
181,MDLZ,"Mondelez International, Inc. Class A",Consumer Defensive,Confectioners,91000.0,22.0,7.2,5.4,9.4,Significant Controversy Level,Significativo,0.36,Medium,0.04,0.1,0.051
182,TAP,Molson Coors Beverage Company Class B,Consumer Defensive,Beverages - Brewers,16500.0,21.4,7.3,5.5,8.6,Moderate Controversy Level,Moderado,0.33,Medium,-0.0069999999999999,-0.013,0.002
183,MOH,"Molina Healthcare, Inc.",Healthcare,Healthcare Plans,18000.0,21.501735056607757,5.732392337619691,6.726211216765525,9.043048016760036,Moderate Controversy Level,Moderado,0.3554612410241575,Medium,0.063,0.272,0.168
184,MHK,"Mohawk Industries, Inc.",Consumer Cyclical,"Furnishings, Fixtures & Appliances",43300.0,14.1,5.8,4.2,4.2,Moderate Controversy Level,Moderado,0.09,Low,0.002,0.003,0.008
185,MRNA,"Moderna, Inc.",Healthcare,Biotechnology,5600.0,21.501999379013768,5.732421419669338,6.72621059317977,9.04300710006492,Moderate Controversy Level,Moderado,0.3553465718057468,Medium,0.317,0.4629999999999999,0.406
186,MAA,"Mid-America Apartment Communities, Inc.",Real Estate,REIT - Residential,2427.0,13.1,3.9,6.3,3.0,Low Controversy Level,Bajo,0.07,Low,0.0559999999999999,0.106,0.063
187,MSFT,Microsoft Corp,Technology,Software - Infrastructure,221000.0,15.1,1.5,6.1,7.5,Significant Controversy Level,Significativo,0.11,Low,0.188,0.3929999999999999,0.313
188,MU,"Micron Technology, Inc.",Technology,Semiconductors,43000.0,18.2,7.2,5.5,5.5,Moderate Controversy Level,Moderado,0.21,Low,0.094,0.126,0.154
189,MCHP,Microchip Technology Inc,Technology,Semiconductors,22300.0,31.8,15.3,7.4,9.2,Low Controversy Level,Bajo,0.75,High,0.128,0.341,0.113
190,MGM,Mgm Resorts International,Consumer Cyclical,Resorts & Casinos,58000.0,24.8,1.3,10.5,13.0,Moderate Controversy Level,Moderado,0.48,Medium,0.032,0.282,0.054
191,MTD,Mettler-Toledo International,Healthcare,Diagnostics & Research,16000.0,13.1,1.0,4.7,7.4,None Controversy Level,Moderado,0.07,Low,0.259,0.1784217531054274,0.428
192,MET,"Metlife, Inc.",Financial Services,Insurance - Life,45000.0,16.4,0.7,8.8,7.0,Moderate Controversy Level,Moderado,0.15,Low,0.003,0.066,0.078
193,META,"Meta Platforms, Inc. Class A",Communication Services,Internet Content & Information,69329.0,34.1,2.7,10.3,21.1,High Controversy Level,Alto,0.81,High,0.133,0.186,0.16
194,MRK,"Merck & Co., Inc.",Healthcare,Drug Manufacturers - General,70000.0,21.4,1.9,8.9,10.6,Significant Controversy Level,Significativo,0.34,Medium,0.135,0.3329999999999999,0.209
195,MDT,Medtronic Plc,Healthcare,Medical Devices,95000.0,22.8,1.8,7.6,13.4,Significant Controversy Level,Significativo,0.39,Medium,0.044,0.078,0.069
196,MCK,Mckesson Corporation,Healthcare,Medical Distribution,45000.0,15.2,1.6,6.3,7.3,Significant Controversy Level,Significativo,0.12,Low,0.05,-1.4780000000000002,0.336
197,MCD,Mcdonald's Corporation,Consumer Cyclical,Restaurants,100000.0,26.0,7.6,5.8,12.6,Significant Controversy Level,Significativo,0.53,Medium,0.124,-0.991,0.24
198,MKC,"Mccormick & Company, Incorporated Non-Vtg Cs",Consumer Defensive,Packaged Foods,13800.0,26.1,9.6,5.3,11.1,Moderate Controversy Level,Moderado,0.53,Medium,0.052,0.148,0.076
199,MTCH,"Match Group, Inc",Communication Services,Internet Content & Information,2600.0,21.50206332798296,5.732428455649085,6.726210442312251,9.042997200864486,Moderate Controversy Level,Moderado,0.3553188292529055,Medium,0.084,-0.8859999999999999,0.145
200,MA,Mastercard Incorporated,Financial Services,Credit Services,33400.0,17.1,2.2,8.3,6.7,High Controversy Level,Alto,0.17,Low,0.265,1.536,0.515
201,MAS,Masco Corporation,Industrials,Building Products & Equipment,18000.0,22.2,9.7,6.8,5.6,Low Controversy Level,Bajo,0.37,Medium,0.156,-1.529,0.386
202,MLM,Martin Marietta Materials,Basic Materials,Building Materials,9400.0,30.1,16.7,8.7,4.8,Moderate Controversy Level,Moderado,0.69,High,0.059,0.127,0.078
203,MMC,"Marsh & Mclennan Companies, Inc.",Financial Services,Insurance Brokers,85000.0,21.1,0.1,9.7,11.3,Moderate Controversy Level,Moderado,0.32,Medium,0.092,0.292,0.149
204,MAR,Marriot International Class A,Consumer Cyclical,Lodging,411000.0,21.4,8.6,3.7,9.2,Significant Controversy Level,Significativo,0.34,Medium,0.095,1.823,0.255
205,MKTX,Marketaxess Holdings Inc.,Financial Services,Capital Markets,881.0,21.502099970742307,5.732432487265487,6.726210355865157,9.042991528622638,Moderate Controversy Level,Moderado,0.3553029327701273,Medium,0.155,0.243,0.221
206,MPC,Marathon Petroleum Corporation,Energy,Oil & Gas Refining & Marketing,18200.0,30.5,17.1,5.3,8.1,Significant Controversy Level,Significativo,0.71,High,0.158,0.556,0.312
207,MRO,Marathon Oil Corporation,Energy,Oil & Gas E&P,1681.0,37.7,21.1,7.6,9.1,Moderate Controversy Level,Moderado,0.89,High,0.195,0.318,0.218
208,MTB,M&t Bank Corp.,Financial Services,Banks - Regional,21927.0,26.5,2.6,13.6,10.3,Low Controversy Level,Bajo,0.55,Medium,0.01,0.088,0.172
209,LYB,Lyondellbasell Industries N.v. Class A,Basic Materials,Specialty Chemicals,20000.0,20.7,13.5,5.1,2.1,Moderate Controversy Level,Moderado,0.31,Medium,0.105,0.312,0.176
210,LOW,Lowe's Companies Inc.,Consumer Cyclical,Home Improvement Retail,300000.0,11.8,3.3,3.2,5.3,Moderate Controversy Level,Moderado,0.05,Low,0.179,-1.018,0.4679999999999999
211,L,Loews Corporation,Financial Services,Insurance - Property & Casualty,12280.0,16.4,0.6,11.5,4.3,Moderate Controversy Level,Moderado,0.15,Low,0.013,0.067,0.062
212,LMT,Lockheed Martin Corp.,Industrials,Aerospace & Defense,122000.0,30.2,8.0,7.1,15.1,Significant Controversy Level,Significativo,0.7,High,0.11,0.537,0.238
213,LKQ,Lkq Corporation,Consumer Cyclical,Auto Parts,49000.0,11.1,3.8,3.3,4.0,Moderate Controversy Level,Moderado,0.04,Low,0.095,0.208,0.147
214,LYV,Live Nation Entertainment Inc.,Communication Services,Entertainment,14700.0,21.50180540047387,5.732400077197418,6.726211050811251,9.04303712763956,Moderate Controversy Level,Moderado,0.3554307242160321,Medium,0.009,-0.436,0.115
215,LIN,Linde Plc,Basic Materials,Specialty Chemicals,66195.0,21.50070771641761,5.732279304604973,6.726213640452235,9.043207047414976,Moderate Controversy Level,Moderado,0.3559069251355533,Medium,0.053,0.103,0.068
216,LEN,Lennar Corporation Class A,Consumer Cyclical,Residential Construction,12284.0,25.4,11.3,5.6,8.6,Moderate Controversy Level,Moderado,0.51,Medium,0.13,0.204,0.153
217,LDOS,"Leidos Holdings, Inc.",Technology,Information Technology Services,47000.0,17.6,3.4,5.3,9.0,Moderate Controversy Level,Moderado,0.19,Low,0.053,0.168,0.0969999999999999
218,LVS,Las Vegas Sands Corp.,Consumer Cyclical,Resorts & Casinos,38400.0,18.7,2.3,8.7,7.7,Moderate Controversy Level,Moderado,0.23,Low,0.083,0.444,-0.048
219,LW,"Lamb Weston Holdings, Inc.",Consumer Defensive,Packaged Foods,10200.0,21.50190132392766,5.732410631167047,6.726210824509969,9.043022278838912,Moderate Controversy Level,Moderado,0.3553891103867701,Medium,0.11,1.032,0.103
220,LRCX,Lam Research Corp,Technology,Semiconductor Equipment & Materials,17200.0,13.6,4.5,5.1,4.0,Low Controversy Level,Bajo,0.08,Low,0.286,0.732,0.425
221,LH,Labcorp Holdings Inc.,Healthcare,Diagnostics & Research,67000.0,19.7,0.4,6.6,12.7,Moderate Controversy Level,Moderado,0.27,Low,0.063,0.124,0.095
222,LHX,"L3harris Technologies, Inc.",Industrials,Aerospace & Defense,50000.0,21.501052934269666,5.732317287169005,6.726212826019069,9.043153608231316,Moderate Controversy Level,Moderado,0.3557571615877983,Medium,0.031,0.0559999999999999,0.036
223,KLAC,Kla Corporation,Technology,Semiconductor Equipment & Materials,15000.0,17.2,7.4,4.6,5.1,None Controversy Level,Moderado,0.18,Low,0.275,1.39,0.433
224,KMI,"Kinder Morgan, Inc.",Energy,Oil & Gas Midstream,10891.0,19.0,8.3,3.5,7.2,Moderate Controversy Level,Moderado,0.24,Low,0.036,0.083,0.054
225,KIM,Kimco Realty Corp.,Real Estate,REIT - Retail,660.0,10.9,2.3,6.0,2.6,None Controversy Level,Moderado,0.04,Low,0.005,0.01,0.0289999999999999
226,KMB,Kimberly-Clark Corp.,Consumer Defensive,Household & Personal Products,41000.0,28.5,10.4,7.6,10.4,Moderate Controversy Level,Moderado,0.63,Medium,0.107,3.39,0.237
227,KEYS,"Keysight Technologies, Inc.",Technology,Scientific & Technical Instruments,15400.0,7.6,1.2,4.7,1.8,Low Controversy Level,Bajo,0.01,Negligible,0.141,0.283,0.1969999999999999
228,KEY,Keycorp,Financial Services,Banks - Regional,16752.0,21.4,1.6,10.7,9.2,Low Controversy Level,Bajo,0.34,Medium,0.01,0.151,0.119
229,K,Kellanova,Consumer Defensive,Packaged Foods,23000.0,28.4,10.6,4.4,13.4,Moderate Controversy Level,Moderado,0.63,Medium,0.051,0.238,0.132
230,JNPR,Juniper Networks Inc,Technology,Communication Equipment,11144.0,14.8,1.8,5.8,7.2,Low Controversy Level,Bajo,0.11,Low,0.052,0.109,0.083
231,JPM,Jpmorgan Chase & Co.,Financial Services,Banks - Diversified,311921.0,29.3,1.1,11.7,16.5,Significant Controversy Level,Significativo,0.66,Medium,0.009,0.14,0.065
232,JCI,Johnson Controls International Plc,Industrials,Building Products & Equipment,100000.0,14.4,4.5,5.4,4.6,Significant Controversy Level,Significativo,0.1,Low,0.03,0.078,0.077
233,JNJ,Johnson & Johnson,Healthcare,Drug Manufacturers - General,131900.0,24.0,0.9,8.0,15.0,High Controversy Level,Alto,0.45,Medium,0.1,0.237,0.154
234,JBHT,Jb Hunt Transport Services Inc,Industrials,Integrated Freight & Logistics,34718.0,14.8,3.3,5.0,6.6,Low Controversy Level,Bajo,0.11,Low,0.131,0.282,0.207
235,J,Jacobs Solutions Inc.,Industrials,Engineering & Construction,60000.0,22.4,5.3,5.6,11.5,Significant Controversy Level,Significativo,0.34,Medium,0.031,0.077,0.08
236,IRM,Iron Mountain Inc.,Real Estate,REIT - Specialty,27000.0,14.5,5.0,5.8,3.7,Moderate Controversy Level,Moderado,0.1,Low,0.035,0.867,0.087
237,IQV,Iqvia Holdings Inc.,Healthcare,Diagnostics & Research,87000.0,19.1,1.3,7.2,10.6,Moderate Controversy Level,Moderado,0.25,Low,0.047,0.205,0.066
238,IVZ,Invesco Ltd,Financial Services,Asset Management,8527.0,22.8,0.7,11.0,11.0,Moderate Controversy Level,Moderado,0.39,Medium,0.023,0.061,0.052
239,ISRG,Intuitive Surgical Inc.,Healthcare,Medical Instruments & Supplies,13676.0,21.1,3.7,7.8,9.6,Low Controversy Level,Bajo,0.32,Medium,0.099,0.113,0.119
240,INTU,Intuit Inc,Technology,Software - Application,18200.0,16.4,1.0,4.7,10.7,Moderate Controversy Level,Moderado,0.15,Low,0.07,0.119,0.09
241,IP,International Paper Co.,Consumer Cyclical,Packaging & Containers,39000.0,24.5,15.1,4.8,4.5,Significant Controversy Level,Significativo,0.47,Medium,0.061,0.168,0.13
242,IFF,International Flavors & Fragrances Inc.,Basic Materials,Specialty Chemicals,21500.0,22.7,10.5,6.6,5.6,Significant Controversy Level,Significativo,0.39,Medium,-0.05,-0.099,-0.055
243,IBM,International Business Machines Corporation,Technology,Information Technology Services,282200.0,14.1,1.8,6.1,6.2,Moderate Controversy Level,Moderado,0.09,Low,0.013,0.081,0.025
244,ICE,Intercontinental Exchange Inc.,Financial Services,Financial Data & Stock Exchanges,13226.0,19.8,1.7,8.8,9.3,Low Controversy Level,Bajo,0.27,Low,0.0069999999999999,0.064,0.081
245,INTC,Intel Corp,Technology,Semiconductors,130700.0,18.9,4.9,6.6,7.3,Significant Controversy Level,Significativo,0.24,Low,0.046,0.079,0.025
246,IR,Ingersoll Rand Inc.,Industrials,Specialty Industrial Machinery,18000.0,21.501735056607757,5.732392337619691,6.726211216765525,9.043048016760036,Moderate Controversy Level,Moderado,0.3554612410241575,Medium,0.0409999999999999,0.068,0.0559999999999999
247,INCY,Incyte Genomics Inc,Healthcare,Biotechnology,2524.0,24.8,1.1,7.4,16.3,Low Controversy Level,Bajo,0.48,Medium,0.063,0.0819999999999999,0.089
248,ILMN,Illumina Inc,Healthcare,Diagnostics & Research,10590.0,18.6,0.1,6.9,11.6,Significant Controversy Level,Significativo,0.23,Low,-0.325,-0.508,-0.455
249,ITW,Illinois Tool Works Inc.,Industrials,Specialty Industrial Machinery,45000.0,25.3,7.0,6.5,11.8,Moderate Controversy Level,Moderado,0.5,Medium,0.1939999999999999,0.929,0.292
250,IDXX,Idexx Laboratories Inc,Healthcare,Diagnostics & Research,11000.0,18.7,2.6,8.9,7.1,Low Controversy Level,Bajo,0.23,Low,0.257,1.245,0.367
251,IEX,Idex Corporation,Industrials,Specialty Industrial Machinery,8800.0,29.3,10.3,5.3,13.7,None Controversy Level,Moderado,0.66,Medium,0.1159999999999999,0.204,0.138
252,HII,"Huntington Ingalls Industries, Inc.",Industrials,Aerospace & Defense,44000.0,21.50118083220805,5.732331359128501,6.726212524284034,9.043133809830444,Moderate Controversy Level,Moderado,0.3557016764821155,Medium,0.054,0.188,0.066
253,HBAN,Huntington Bancshares Inc,Financial Services,Banks - Regional,19719.0,21.8,2.0,8.7,11.2,Moderate Controversy Level,Moderado,0.35,Medium,0.012,0.136,0.178
254,HUM,Humana Inc.,Healthcare,Healthcare Plans,67600.0,22.5,0.0,5.7,16.7,Moderate Controversy Level,Moderado,0.38,Medium,0.06,0.18,0.122
255,HPQ,Hp Inc.,Technology,Computer Hardware,58000.0,11.3,0.1,6.1,5.1,Moderate Controversy Level,Moderado,0.04,Low,0.068,-0.959,0.425
256,HWM,Howmet Aerospace Inc.,Industrials,Aerospace & Defense,23200.0,21.501624211727812,5.732380141921455,6.726211478269224,9.04306517537412,Moderate Controversy Level,Moderado,0.3555093281157492,Medium,0.046,0.138,0.093
257,HST,"Host Hotels & Resorts, Inc.",Real Estate,REIT - Hotel & Motel,163.0,13.4,3.3,5.5,4.6,Low Controversy Level,Bajo,0.07,Low,0.052,0.094,0.069
258,HRL,Hormel Foods Corporation,Consumer Defensive,Packaged Foods,20000.0,30.0,13.3,6.0,10.7,Significant Controversy Level,Significativo,0.69,Medium,0.074,0.131,0.096
259,HON,"Honeywell International, Inc.",Industrials,Conglomerates,95000.0,28.6,11.0,7.0,10.6,Significant Controversy Level,Significativo,0.64,Medium,0.08,0.283,0.1369999999999999
260,HD,"Home Depot, Inc.",Consumer Cyclical,Home Improvement Retail,465000.0,12.6,3.3,3.8,5.6,Moderate Controversy Level,Moderado,0.06,Low,0.2239999999999999,0.2957156333980811,0.462
261,HOLX,Hologic Inc,Healthcare,Medical Instruments & Supplies,6990.0,25.0,4.6,8.4,12.1,Low Controversy Level,Bajo,0.49,Medium,0.106,0.2,0.175
262,HLT,Hilton Worldwide Holdings Inc.,Consumer Cyclical,Lodging,178000.0,17.6,6.1,4.4,7.0,Moderate Controversy Level,Moderado,0.19,Low,0.081,-1.433,0.212
263,HPE,Hewlett Packard Enterprise Company,Technology,Communication Equipment,62000.0,10.7,0.9,5.6,4.1,Moderate Controversy Level,Moderado,0.03,Low,0.065,0.183,0.022
264,HES,Hess Corporation,Energy,Oil & Gas E&P,1756.0,33.1,18.9,7.0,7.2,Moderate Controversy Level,Moderado,0.79,High,0.099,0.291,0.165
265,HSIC,Henry Schein Inc,Healthcare,Medical Distribution,25000.0,13.9,2.0,6.3,5.7,Moderate Controversy Level,Moderado,0.09,Low,0.063,0.151,0.126
266,JKHY,Henry (Jack) & Associates,Technology,Information Technology Services,7120.0,18.7,4.3,5.7,8.7,None Controversy Level,Moderado,0.23,Low,0.143,0.248,0.244
267,HCA,"Hca Healthcare, Inc.",Healthcare,Medical Care Facilities,220000.0,28.8,3.9,7.2,17.7,Significant Controversy Level,Significativo,0.64,Medium,0.109,-1.905,0.205
268,HAS,"Hasbro, Inc.",Consumer Cyclical,Leisure,5502.0,7.1,0.0,4.2,2.9,Moderate Controversy Level,Moderado,0.01,Negligible,0.021,0.069,0.051
269,HAL,Halliburton Company,Energy,Oil & Gas Equipment & Services,49000.0,25.6,9.8,6.9,8.9,Moderate Controversy Level,Moderado,0.52,Medium,0.07,0.212,0.134
270,GS,Goldman Sachs Group Inc.,Financial Services,Capital Markets,44400.0,25.5,0.9,11.8,12.8,Moderate Controversy Level,Moderado,0.51,Medium,0.0069999999999999,0.1009999999999999,0.012
271,GL,Globe Life Inc.,Financial Services,Insurance - Life,3636.0,20.4,1.6,10.5,8.3,Moderate Controversy Level,Moderado,0.29,Medium,0.0279999999999999,0.138,0.119
272,GPN,"Global Payments, Inc.",Industrials,Specialty Business Services,27000.0,20.9,3.7,6.5,10.7,Low Controversy Level,Bajo,0.31,Medium,0.003,0.005,0.013
273,GILD,Gilead Sciences Inc,Healthcare,Drug Manufacturers - General,18000.0,23.0,1.0,7.6,14.3,Moderate Controversy Level,Moderado,0.4,Medium,0.073,0.223,0.131
274,GPC,Genuine Parts Company,Consumer Cyclical,Auto Parts,60000.0,13.7,4.7,3.8,5.2,Moderate Controversy Level,Moderado,0.08,Low,0.072,0.322,0.172
275,GM,General Motors Company,Consumer Cyclical,Auto Manufacturers,163000.0,28.5,9.8,7.2,11.5,High Controversy Level,Alto,0.63,Medium,0.035,0.138,0.043
276,GIS,"General Mills, Inc.",Consumer Defensive,Packaged Foods,34000.0,21.1,8.3,4.1,8.7,Moderate Controversy Level,Moderado,0.32,Medium,0.093,0.283,0.135
277,GE,General Electric Company,Industrials,Aerospace & Defense,125000.0,40.5,14.2,10.9,15.4,Significant Controversy Level,Significativo,0.92,Severe,0.0,-0.002,-0.01
278,GD,General Dynamics Corporation,Industrials,Aerospace & Defense,111600.0,35.2,9.4,6.9,18.9,Significant Controversy Level,Significativo,0.84,High,0.066,0.1889999999999999,0.122
279,GNRC,Generac Holdings Inc,Industrials,Specialty Industrial Machinery,8315.0,21.50194150519664,5.732415052107654,6.72621072971488,9.04301605884131,Moderate Controversy Level,Moderado,0.355371678816068,Medium,0.067,0.151,0.126
280,IT,"Gartner, Inc.",Technology,Information Technology Services,20290.0,18.9,0.1,5.6,13.2,Low Controversy Level,Bajo,0.24,Low,0.118,0.1622785770582304,0.327
281,GRMN,Garmin Ltd,Technology,Scientific & Technical Instruments,19900.0,20.7,4.8,4.3,11.6,Low Controversy Level,Bajo,0.3,Medium,0.126,0.161,0.151
282,FCX,Freeport-Mcmoran Inc.,Basic Materials,Copper,27200.0,31.6,15.3,6.4,10.0,High Controversy Level,Alto,0.74,High,0.069,0.2289999999999999,0.183
283,BEN,"Franklin Resources, Inc.",Financial Services,Asset Management,10100.0,18.3,1.1,7.3,9.9,Moderate Controversy Level,Moderado,0.22,Low,0.035,0.083,0.068
284,FOX,Fox Corporation Class B,Communication Services,Entertainment,10400.0,21.50189706066305,5.732410162101732,6.726210834567802,9.043022938785608,Moderate Controversy Level,Moderado,0.3553909598902929,Medium,0.0738195644192402,0.1580332661452062,0.1389233095165129
285,FOXA,Fox Corporation Class A,Communication Services,Entertainment,10400.0,21.50189706066305,5.732410162101732,6.726210834567802,9.043022938785608,Moderate Controversy Level,Moderado,0.3553909598902929,Medium,0.067,0.132,0.106
286,FTV,Fortive Corporation,Technology,Scientific & Technical Instruments,18000.0,34.8,16.1,4.7,14.0,Low Controversy Level,Bajo,0.83,High,0.047,0.079,0.067
287,FTNT,"Fortinet, Inc.",Technology,Software - Infrastructure,13522.0,18.9,2.5,6.4,10.0,Low Controversy Level,Bajo,0.24,Low,0.152,-3.142,1.324
288,F,Ford Motor Company,Consumer Cyclical,Auto Manufacturers,177000.0,22.4,7.4,8.5,6.4,Significant Controversy Level,Significativo,0.37,Medium,-0.008,-0.045,0.039
289,FMC,Fmc Corporation,Basic Materials,Agricultural Inputs,6200.0,30.7,14.4,7.5,8.9,Low Controversy Level,Bajo,0.72,High,0.067,0.231,0.15
290,FE,Firstenergy Corp.,Utilities,Utilities - Regulated Electric,12042.0,25.6,10.8,5.8,9.0,Significant Controversy Level,Significativo,0.51,Medium,0.009,0.04,0.025
291,FITB,Fifth Third Bancorp,Financial Services,Banks - Regional,18657.0,16.8,1.2,7.5,8.1,Moderate Controversy Level,Moderado,0.17,Low,0.011,0.144,0.152
292,FIS,"Fidelity National Information Services, Inc.",Technology,Information Technology Services,60000.0,17.5,4.1,5.2,8.2,Low Controversy Level,Bajo,0.19,Low,-0.221,-0.4029999999999999,-0.348
293,FDX,Fedex Corporation,Industrials,Integrated Freight & Logistics,328000.0,19.7,5.7,5.6,8.4,Moderate Controversy Level,Moderado,0.27,Low,0.039,0.135,0.114
294,FRT,Federal Realty Investment Trust,Real Estate,REIT - Retail,297.0,12.4,2.3,5.8,4.3,Low Controversy Level,Bajo,0.04,Low,0.035,0.106,0.06
295,FAST,Fastenal Co,Industrials,Industrial Distribution,20935.0,24.7,9.3,7.1,8.3,Moderate Controversy Level,Moderado,0.48,Medium,0.238,0.344,0.296
296,FDS,Factset Research Systems,Financial Services,Financial Data & Stock Exchanges,12279.0,18.4,4.3,5.3,8.8,Low Controversy Level,Bajo,0.22,Low,0.118,0.322,0.129
297,FFIV,"F5, Inc.",Technology,Software - Infrastructure,6077.0,17.1,4.1,5.4,7.6,Low Controversy Level,Bajo,0.18,Low,0.059,0.123,0.121
298,XOM,Exxon Mobil Corporation,Energy,Oil & Gas Integrated,62000.0,41.6,23.1,8.5,10.0,Significant Controversy Level,Significativo,0.93,Severe,0.153,0.306,0.183
299,EXR,"Extra Space Storage, Inc.",Real Estate,REIT - Industrial,7618.0,15.2,4.2,7.3,3.7,Low Controversy Level,Bajo,0.12,Low,0.075,0.266,0.096
300,EXPD,"Expeditors International of Washington, Inc.",Industrials,Integrated Freight & Logistics,18403.0,16.6,4.2,4.8,7.6,Moderate Controversy Level,Moderado,0.16,Low,0.1969999999999999,0.389,0.434
301,EXPE,"Expedia Group, Inc.",Consumer Cyclical,Travel Services,17100.0,27.6,4.3,10.1,13.3,Moderate Controversy Level,Moderado,0.6,Medium,0.015,0.165,0.111
302,EXC,Exelon Corporation,Utilities,Utilities - Regulated Electric,19962.0,22.9,7.4,6.4,9.1,Significant Controversy Level,Significativo,0.39,Medium,0.023,0.09,0.046
303,ES,Eversource Energy,Utilities,Utilities - Regulated Electric,10000.0,18.6,4.7,5.4,8.6,Moderate Controversy Level,Moderado,0.23,Low,0.0279999999999999,0.093,0.045
304,EVRG,"Evergy, Inc.",Utilities,Utilities - Regulated Electric,4658.0,21.50201945899009,5.732423628966974,6.72621054580737,9.043003991715985,Moderate Controversy Level,Moderado,0.3553378606441545,Medium,0.026,0.08,0.057
305,ETSY,"Etsy, Inc.",Consumer Cyclical,Internet Retail,2420.0,21.502067164921115,5.732428877807873,6.726210433260198,9.04299660691246,Moderate Controversy Level,Moderado,0.355317164699735,Medium,-0.223,0.1336944557018356,-0.373
306,ESS,"Essex Property Trust, Inc",Real Estate,REIT - Residential,1747.0,12.4,3.5,6.1,2.8,Low Controversy Level,Bajo,0.06,Low,0.032,0.07,0.0725727914545101
307,EQR,Equity Residential,Real Estate,REIT - Residential,2400.0,11.9,3.0,6.1,2.9,Low Controversy Level,Bajo,0.05,Low,0.038,0.071,0.06
308,EQIX,"Equinix, Inc. Reit",Real Estate,REIT - Specialty,13354.0,13.9,3.4,5.1,5.3,Low Controversy Level,Bajo,0.09,Low,0.024,0.064,0.0409999999999999
309,EFX,"Equifax, Incorporated",Industrials,Consulting Services,15000.0,23.2,0.1,6.8,16.3,Significant Controversy Level,Significativo,0.41,Medium,0.061,0.181,0.085
310,EPAM,"Epam Systems, Inc.",Technology,Information Technology Services,53150.0,21.50098578785201,5.732309899390266,6.726212984429964,9.043164002391768,Moderate Controversy Level,Moderado,0.3557862912682817,Medium,0.113,0.153,0.16
311,EOG,"Eog Resources, Inc.",Energy,Oil & Gas E&P,3050.0,34.2,20.2,7.3,6.7,Low Controversy Level,Bajo,0.81,High,0.196,0.336,0.262
312,ETR,Entergy Corporation,Utilities,Utilities - Regulated Electric,12000.0,26.7,14.0,5.3,7.3,Moderate Controversy Level,Moderado,0.56,Medium,0.019,0.091,0.053
313,EMR,Emerson Electric Co.,Industrials,Specialty Industrial Machinery,67000.0,28.4,8.8,6.6,13.1,Low Controversy Level,Bajo,0.62,Medium,0.135,0.445,0.119
314,LLY,Eli Lilly & Co.,Healthcare,Drug Manufacturers - General,43000.0,24.3,2.5,9.1,12.6,Moderate Controversy Level,Moderado,0.46,Medium,0.131,0.647,0.244
315,EA,Electronic Arts Inc,Communication Services,Electronic Gaming & Multimedia,13700.0,13.3,0.1,4.7,8.4,Moderate Controversy Level,Moderado,0.07,Low,0.078,0.136,0.088
316,EW,Edwards Lifesciences Corp,Healthcare,Medical Devices,19800.0,18.6,2.9,7.6,8.1,Low Controversy Level,Bajo,0.23,Low,0.18,0.256,0.235
317,EIX,Edison International,Utilities,Utilities - Regulated Electric,13003.0,27.5,11.0,5.1,11.4,Significant Controversy Level,Significativo,0.59,Medium,0.009,0.049,0.036
318,ECL,"Ecolab, Inc.",Basic Materials,Specialty Chemicals,48000.0,19.9,8.5,5.3,6.1,Moderate Controversy Level,Moderado,0.27,Low,0.052,0.153,0.087
319,EBAY,Ebay Inc,Consumer Cyclical,Internet Retail,12300.0,17.6,2.7,7.2,7.7,Moderate Controversy Level,Moderado,0.19,Low,-0.061,-0.228,0.191
320,ETN,"Eaton Corporation, Plcs",Industrials,Specialty Industrial Machinery,94000.0,17.9,5.5,5.7,6.8,Low Controversy Level,Bajo,0.2,Low,0.07,0.149,0.102
321,DD,"Dupont De Nemours, Inc.",Basic Materials,Specialty Chemicals,24000.0,28.6,14.7,5.9,8.0,Significant Controversy Level,Significativo,0.63,Medium,0.134,0.2269999999999999,0.039
322,DUK,Duke Energy Corporation,Utilities,Utilities - Regulated Electric,27037.0,27.0,11.5,4.8,10.7,Moderate Controversy Level,Moderado,0.57,Medium,0.0139999999999999,0.051,0.047
323,DTE,Dte Energy Company,Utilities,Utilities - Regulated Electric,9608.0,29.8,15.0,4.7,10.0,Moderate Controversy Level,Moderado,0.68,Medium,0.026,0.1169999999999999,0.0579999999999999
324,DOW,Dow Inc.,Basic Materials,Chemicals,35900.0,21.50135349442488,5.732350356273834,6.726212116941727,9.043107081989282,Moderate Controversy Level,Moderado,0.3556267715894439,Medium,0.074,0.238,0.1159999999999999
325,DOV,Dover Corporation,Industrials,Specialty Industrial Machinery,25000.0,25.9,8.0,5.4,12.5,Low Controversy Level,Bajo,0.53,Medium,0.099,0.251,0.145
326,D,"Dominion Energy, Inc",Utilities,Utilities - Regulated Electric,17700.0,26.4,11.9,5.6,8.8,Moderate Controversy Level,Moderado,0.55,Medium,0.009,0.034,0.021
327,DLTR,Dollar Tree Inc.,Consumer Defensive,Discount Stores,65894.0,20.1,3.3,4.0,12.8,Moderate Controversy Level,Moderado,0.28,Medium,0.07,0.192,0.135
328,DG,Dollar General Corp.,Consumer Defensive,Discount Stores,185800.0,17.6,3.5,5.5,8.6,Moderate Controversy Level,Moderado,0.19,Low,0.085,0.384,0.245
329,DFS,Discover Financial Services,Financial Services,Credit Services,21100.0,22.5,0.1,10.5,11.9,Moderate Controversy Level,Moderado,0.38,Medium,0.036,0.332,0.217
330,DLR,"Digital Realty Trust, Inc.",Real Estate,REIT - Specialty,3664.0,12.6,2.8,7.0,2.8,None Controversy Level,Moderado,0.06,Low,0.009,0.02,0.015
331,FANG,"Diamondback Energy, Inc.",Energy,Oil & Gas E&P,1023.0,21.502096943824437,5.732432154229106,6.726210363006223,9.042991997184796,Moderate Controversy Level,Moderado,0.3553042459176285,Medium,0.179,0.316,0.246
332,DXCM,"Dexcom, Inc.",Healthcare,Medical Devices,9500.0,24.0,5.3,8.1,10.6,Low Controversy Level,Bajo,0.45,Medium,0.066,0.162,0.0819999999999999
333,DVN,Devon Energy Corporation,Energy,Oil & Gas E&P,1900.0,33.8,17.7,7.5,8.6,Moderate Controversy Level,Moderado,0.8,High,0.258,0.575,0.349
334,DAL,"Delta Air Lines, Inc.",Industrials,Airlines,103000.0,30.3,9.9,5.8,14.6,Moderate Controversy Level,Moderado,0.7,High,0.018,0.294,0.1
335,DE,Deere & Company,Industrials,Farm & Heavy Construction Machinery,83000.0,20.0,2.7,6.5,10.8,Moderate Controversy Level,Moderado,0.28,Low,0.093,0.412,0.11
336,DHR,Danaher Corporation,Healthcare,Diagnostics & Research,61000.0,11.9,1.4,5.3,5.2,Moderate Controversy Level,Moderado,0.05,Low,0.086,0.156,0.1119999999999999
337,DHI,D.R. Horton Inc.,Consumer Cyclical,Residential Construction,13450.0,21.0,8.7,5.7,6.7,Moderate Controversy Level,Moderado,0.32,Medium,0.195,0.305,0.2319999999999999
338,CVS,Cvs Health Corporation,Healthcare,Healthcare Plans,219000.0,22.0,0.0,6.2,15.8,Significant Controversy Level,Significativo,0.36,Medium,0.018,0.057,0.051
339,CMI,Cummins Inc.,Industrials,Specialty Industrial Machinery,75500.0,19.3,5.6,5.9,7.7,Moderate Controversy Level,Moderado,0.25,Low,0.079,0.249,0.136
340,CSX,Csx Corporation,Industrials,Railroads,23400.0,21.9,7.0,4.8,10.0,Moderate Controversy Level,Moderado,0.36,Medium,0.1009999999999999,0.322,0.156
341,CCI,Crown Castle Inc.,Real Estate,REIT - Specialty,4700.0,10.1,4.1,4.3,1.7,None Controversy Level,Moderado,0.03,Low,0.043,0.216,0.0819999999999999
342,CTRA,Coterra Energy Inc.,Energy,Oil & Gas E&P,894.0,36.1,20.3,7.5,8.3,Moderate Controversy Level,Moderado,0.86,High,0.1989999999999999,0.33,0.278
343,COST,Costco Wholesale Corp,Consumer Defensive,Discount Stores,316000.0,23.3,6.5,5.6,11.2,Significant Controversy Level,Significativo,0.41,Medium,0.091,0.287,0.204
344,CTVA,"Corteva, Inc.",Basic Materials,Agricultural Inputs,22500.0,21.50163913315396,5.732381783650066,6.7262114430668,9.043062865560682,Moderate Controversy Level,Moderado,0.3555028548534196,Medium,0.0279999999999999,0.045,0.052
345,GLW,Corning Incorporated,Technology,Electronic Components,49800.0,16.5,5.5,6.1,4.8,Moderate Controversy Level,Moderado,0.16,Low,0.045,0.111,0.054
346,CPRT,Copart Inc,Industrials,Specialty Business Services,12000.0,16.0,1.5,5.6,9.0,Low Controversy Level,Bajo,0.14,Low,0.1939999999999999,0.2269999999999999,0.239
347,CEG,Constellation Energy Corporation,Utilities,Utilities - Renewable,13871.0,21.50182307170569,5.732402021473158,6.726211009121526,9.043034392160507,Moderate Controversy Level,Moderado,0.3554230580239302,Medium,-0.003,-0.0139999999999999,-0.0289999999999999
348,STZ,"Constellation Brands, Inc.",Consumer Defensive,Beverages - Wineries & Distilleries,10600.0,24.7,9.4,5.2,10.0,Moderate Controversy Level,Moderado,0.48,Medium,0.004,0.01,0.09
349,ED,"Consolidated Edison, Inc.",Utilities,Utilities - Regulated Electric,14592.0,23.8,6.9,6.1,10.9,Significant Controversy Level,Significativo,0.44,Medium,0.025,0.081,0.048
350,COP,Conocophillips,Energy,Oil & Gas E&P,10000.0,33.9,17.6,8.3,8.1,Moderate Controversy Level,Moderado,0.81,High,0.1989999999999999,0.38,0.261
351,CAG,"Conagra Brands, Inc.",Consumer Defensive,Packaged Foods,18600.0,30.8,10.7,4.7,15.4,Moderate Controversy Level,Moderado,0.72,High,0.03,0.079,0.063
352,CMA,Comerica Incorporated,Financial Services,Banks - Regional,7619.0,25.2,2.5,11.7,11.0,Moderate Controversy Level,Moderado,0.5,Medium,0.013,0.203,0.266
353,CMCSA,Comcast Corp,Communication Services,Telecom Services,186000.0,23.1,4.0,8.2,10.9,Moderate Controversy Level,Moderado,0.41,Medium,0.02,0.062,0.054
354,CL,Colgate-Palmolive Company,Consumer Defensive,Household & Personal Products,34000.0,26.2,8.3,6.5,11.3,Moderate Controversy Level,Moderado,0.54,Medium,0.113,4.722,0.24
355,CTSH,Cognizant Technology Solutions,Technology,Information Technology Services,344400.0,14.7,1.1,5.9,7.6,Moderate Controversy Level,Moderado,0.1,Low,0.131,0.19,0.173
356,KO,Coca-Cola Company,Consumer Defensive,Beverages - Non-Alcoholic,79100.0,21.6,7.2,4.9,9.5,Significant Controversy Level,Significativo,0.35,Medium,0.102,0.4029999999999999,0.135
357,CMS,Cms Energy Corporation,Utilities,Utilities - Regulated Electric,8356.0,21.7,9.6,5.2,6.8,Moderate Controversy Level,Moderado,0.35,Medium,0.0279999999999999,0.124,0.053
358,CME,Cme Group Inc.,Financial Services,Financial Data & Stock Exchanges,3565.0,17.8,2.1,9.2,6.5,Low Controversy Level,Bajo,0.2,Low,0.0139999999999999,0.096,0.073
359,CLX,Clorox Company,Consumer Defensive,Household & Personal Products,8100.0,21.6,7.7,5.3,8.6,Moderate Controversy Level,Moderado,0.35,Medium,0.071,1.085,0.143
360,CFG,"Citizens Financial Group, Inc.",Financial Services,Banks - Regional,17354.0,23.5,2.0,11.4,10.1,Moderate Controversy Level,Moderado,0.42,Medium,0.009,0.092,0.171
361,C,Citigroup Inc.,Financial Services,Banks - Diversified,237000.0,29.2,1.8,13.7,13.8,High Controversy Level,Alto,0.66,Medium,0.006,0.076,0.089
362,CSCO,"Cisco Systems, Inc.",Technology,Communication Equipment,84900.0,13.9,0.4,6.5,6.9,Moderate Controversy Level,Moderado,0.08,Low,0.12,0.2789999999999999,0.2289999999999999
363,CTAS,Cintas Corp,Industrials,Specialty Business Services,44500.0,18.1,3.0,5.9,9.2,Moderate Controversy Level,Moderado,0.21,Low,0.155,0.386,0.217
364,CINF,Cincinnati Financial Corp,Financial Services,Insurance - Property & Casualty,5426.0,25.6,1.8,12.9,11.0,Low Controversy Level,Bajo,0.52,Medium,-0.017,-0.046,-0.038
365,CHD,"Church & Dwight Co., Inc.",Consumer Defensive,Household & Personal Products,5550.0,19.9,6.9,6.7,6.3,Low Controversy Level,Bajo,0.27,Low,0.05,0.1169999999999999,0.079
366,CB,Chubb Limited,Financial Services,Insurance - Property & Casualty,40000.0,23.6,1.5,10.6,11.5,Moderate Controversy Level,Moderado,0.43,Medium,0.027,0.103,0.09
367,CMG,"Chipotle Mexican Grill, Inc.",Consumer Cyclical,Restaurants,120000.0,20.7,6.8,4.3,9.6,Moderate Controversy Level,Moderado,0.3,Medium,0.134,0.4,0.371
368,CVX,Chevron Corporation,Energy,Oil & Gas Integrated,45600.0,36.6,17.0,10.4,9.2,Significant Controversy Level,Significativo,0.87,High,0.138,0.23,0.152
369,CHTR,Charter Comm Inc Del Cl a,Communication Services,Telecom Services,101100.0,24.7,6.1,7.9,10.7,Moderate Controversy Level,Moderado,0.48,Medium,0.035,0.506,0.0969999999999999
370,CRL,"Charles River Laboratories International, Inc.",Healthcare,Diagnostics & Research,20400.0,21.501683897432404,5.732386708835896,6.726211337459537,9.043055936120384,Moderate Controversy Level,Moderado,0.3554834350664309,Medium,0.066,0.179,0.095
371,CF,"Cf Industries Holding, Inc.",Basic Materials,Agricultural Inputs,2700.0,29.3,16.2,5.4,7.7,Low Controversy Level,Bajo,0.66,Medium,0.249,0.74,0.528
372,CNP,"Centerpoint Energy, Inc.",Utilities,Utilities - Regulated Electric,8827.0,28.7,12.9,5.1,10.7,Moderate Controversy Level,Moderado,0.64,Medium,0.027,0.109,0.0559999999999999
373,CNC,Centene Corporation,Healthcare,Healthcare Plans,59900.0,19.9,0.1,6.5,13.3,Moderate Controversy Level,Moderado,0.28,Low,0.015,0.047,0.0139999999999999
374,CE,Celanese Corporation,Basic Materials,Chemicals,12400.0,26.1,14.7,5.6,5.9,Moderate Controversy Level,Moderado,0.54,Medium,0.104,0.377,0.092
375,CDW,Cdw Corporation,Technology,Information Technology Services,11400.0,9.2,2.5,3.5,3.2,None Controversy Level,Moderado,0.02,Negligible,0.083,0.905,0.181
376,CBRE,"Cbre Group, Inc.",Real Estate,Real Estate Services,130000.0,8.0,1.5,4.6,1.9,Low Controversy Level,Bajo,0.02,Negligible,0.068,0.174,0.126
377,CBOE,"Cboe Global Markets, Inc.",Financial Services,Financial Data & Stock Exchanges,1647.0,21.0,2.7,10.6,7.6,Low Controversy Level,Bajo,0.32,Medium,0.031,0.069,0.0559999999999999
378,CAT,Caterpillar Inc.,Industrials,Farm & Heavy Construction Machinery,113200.0,36.2,10.4,8.1,17.7,High Controversy Level,Alto,0.86,High,0.0819999999999999,0.417,0.11
379,CTLT,"Catalent, Inc.",Healthcare,Drug Manufacturers - Specialty & Generic,18000.0,21.501735056607757,5.732392337619691,6.726211216765525,9.043048016760036,Moderate Controversy Level,Moderado,0.3554612410241575,Medium,0.039,0.086,0.074
380,CARR,Carrier Global Corporation,Industrials,Building Products & Equipment,53000.0,21.500988985300463,5.732310251189252,6.726212976886594,9.04316350743174,Moderate Controversy Level,Moderado,0.3557849041406395,Medium,0.142,0.492,0.2289999999999999
381,CCL,Carnival Corporation,Consumer Cyclical,Travel Services,106000.0,24.5,9.4,5.0,10.1,Significant Controversy Level,Significativo,0.47,Medium,-0.1159999999999999,-0.7170000000000001,-0.106
382,KMX,Carmax Inc.,Consumer Cyclical,Auto & Truck Dealerships,29836.0,12.1,0.1,4.0,8.0,Moderate Controversy Level,Moderado,0.05,Low,0.022,0.107,0.048
383,CAH,"Cardinal Health, Inc.",Healthcare,Medical Distribution,47040.0,14.9,1.2,6.4,7.3,Significant Controversy Level,Significativo,0.11,Low,-0.0289999999999999,0.943,-0.1669999999999999
384,COF,Capital One Financial,Financial Services,Credit Services,51300.0,22.5,0.1,10.1,12.3,Significant Controversy Level,Significativo,0.38,Medium,0.016,0.145,0.201
385,CPB,Campbell Soup Company,Consumer Defensive,Packaged Foods,14500.0,23.5,10.9,4.5,8.1,Moderate Controversy Level,Moderado,0.42,Medium,0.066,0.2339999999999999,0.1159999999999999
386,CPT,Camden Property Trust,Real Estate,REIT - Residential,1640.0,16.1,4.0,8.2,3.9,Low Controversy Level,Bajo,0.14,Low,0.071,0.135,0.072
387,CZR,"Caesars Entertainment, Inc.",Consumer Cyclical,Resorts & Casinos,51000.0,21.50103161794659,5.732314941842414,6.7262128763082485,9.043156907964782,Moderate Controversy Level,Moderado,0.3557664091054119,Medium,-0.04,-0.373,0.049
388,CDNS,Cadence Design Systems,Technology,Software - Application,11200.0,12.0,2.3,4.8,4.9,None Controversy Level,Moderado,0.05,Low,0.18,0.313,0.251
389,CHRW,"C.H. Robinson Worldwide, Inc.",Industrials,Integrated Freight & Logistics,14990.0,19.3,4.7,5.3,9.3,Low Controversy Level,Bajo,0.26,Low,0.136,0.524,0.303
390,BRO,"Brown & Brown, Inc.",Financial Services,Insurance Brokers,16152.0,20.5,0.1,10.6,9.8,Low Controversy Level,Bajo,0.3,Medium,0.052,0.15,0.095
391,BR,Broadridge Financial Solutions Inc,Technology,Information Technology Services,14000.0,16.6,4.2,4.9,7.5,Moderate Controversy Level,Moderado,0.16,Low,0.065,0.287,0.11
392,AVGO,Broadcom Inc.,Technology,Semiconductors,20000.0,20.0,7.3,6.6,6.0,Significant Controversy Level,Significativo,0.28,Low,0.136,0.449,0.214
393,BMY,Bristol-Myers Squibb Co.,Healthcare,Drug Manufacturers - General,34100.0,22.7,1.3,7.1,14.4,Moderate Controversy Level,Moderado,0.39,Medium,0.064,0.198,0.118
394,BSX,Boston Scientific Corp.,Healthcare,Medical Devices,48000.0,23.1,2.4,8.9,11.9,Moderate Controversy Level,Moderado,0.41,Medium,0.02,0.037,0.038
395,BXP,"Boston Properties, Inc.",Real Estate,REIT - Office,836.0,12.5,2.5,5.4,4.5,Low Controversy Level,Bajo,0.06,Low,0.036,0.141,0.051
396,BWA,Borgwarner Inc.,Consumer Cyclical,Auto Parts,39900.0,12.6,2.7,5.7,4.2,Moderate Controversy Level,Moderado,0.06,Low,0.057,0.135,0.094
397,BKNG,Booking Holdings Inc.,Consumer Cyclical,Travel Services,24000.0,19.2,1.0,8.1,10.1,Significant Controversy Level,Significativo,0.25,Low,0.13,0.825,0.2769999999999999
398,BA,Boeing Company,Industrials,Aerospace & Defense,171000.0,39.6,8.8,8.3,22.5,High Controversy Level,Alto,0.91,High,-0.036,0.309,-0.087
399,BLK,"Blackrock, Inc.",Financial Services,Asset Management,19300.0,18.3,0.9,10.0,7.4,Moderate Controversy Level,Moderado,0.21,Low,0.0409999999999999,0.139,0.115
400,BIIB,Biogen Inc.,Healthcare,Drug Manufacturers - General,7570.0,22.2,0.4,7.4,14.5,Significant Controversy Level,Significativo,0.37,Medium,0.124,0.247,0.098
401,TECH,Bio-Techne Corp.,Healthcare,Biotechnology,3200.0,21.502050538189124,5.732427048453137,6.726210472485756,9.042999180704571,Moderate Controversy Level,Moderado,0.3553243777634737,Medium,0.1119999999999999,0.15,0.132
402,BIO,"Bio-Rad Laboratories, Inc.Class A",Healthcare,Medical Devices,8000.0,17.4,1.2,7.0,9.2,Low Controversy Level,Bajo,0.18,Low,-0.276,-0.39,0.143
403,BBY,"Best Buy Company, Inc.",Consumer Cyclical,Specialty Retail,85000.0,15.9,2.4,4.4,9.1,Moderate Controversy Level,Moderado,0.14,Low,0.109,0.607,0.58
404,BRK-B,Berkshire Hathaway Class B,Financial Services,Insurance - Diversified,396500.0,20.7,1.0,14.8,4.9,Low Controversy Level,Bajo,0.3,Medium,0.1038402241465778,0.3356393868493976,0.183193363502184
405,BDX,"Becton, Dickinson and Co.",Healthcare,Medical Instruments & Supplies,70000.0,23.8,3.0,7.1,13.6,Significant Controversy Level,Significativo,0.44,Medium,0.0442371840578202,0.1569331479701724,0.052
406,BAX,Baxter International Inc.,Healthcare,Medical Instruments & Supplies,60000.0,23.6,2.8,7.1,13.6,Significant Controversy Level,Significativo,0.43,Medium,-0.081,-0.332,-0.096
407,BBWI,"Bath & Body Works, Inc.",Consumer Cyclical,Specialty Retail,8981.0,28.3,12.2,5.9,10.3,Moderate Controversy Level,Moderado,0.62,Medium,0.183,-0.405,0.439
408,BK,Bank of New York Mellon Corporation,Financial Services,Asset Management,52100.0,20.9,1.1,9.9,9.9,Moderate Controversy Level,Moderado,0.31,Medium,0.005,0.066,0.04
409,BAC,Bank of America Corporation,Financial Services,Banks - Diversified,212000.0,28.3,1.7,11.5,15.1,Significant Controversy Level,Significativo,0.62,Medium,0.008,0.108,0.063
410,BALL,Ball Corporation,Consumer Cyclical,Packaging & Containers,16000.0,12.1,7.6,3.7,0.8,Moderate Controversy Level,Moderado,0.05,Low,0.035,0.201,0.084
411,BKR,Baker Hughes Company,Energy,Oil & Gas Equipment & Services,57000.0,21.500903720008203,5.732300869882913,6.726213178043291,9.04317670636565,Moderate Controversy Level,Moderado,0.3558218942110946,Medium,-0.018,-0.04,0.006
412,AVY,Avery Dennison Corp.,Consumer Cyclical,Packaging & Containers,35000.0,16.1,11.4,3.7,0.9,Low Controversy Level,Bajo,0.14,Low,0.094,0.3829999999999999,0.146
413,AVB,"Avalonbay Communities, Inc.",Real Estate,REIT - Residential,2978.0,9.8,3.0,4.8,2.0,Low Controversy Level,Bajo,0.03,Negligible,0.057,0.102,0.027
414,AZO,"Autozone, Inc.",Consumer Cyclical,Specialty Retail,71400.0,11.0,0.1,3.8,7.1,Moderate Controversy Level,Moderado,0.04,Low,0.163,-0.695,0.906
415,ADP,Automatic Data Processing,Industrials,Staffing & Employment Services,63000.0,13.8,2.8,5.5,5.5,Low Controversy Level,Bajo,0.08,Low,0.053,0.969,0.471
416,ADSK,Autodesk Inc,Technology,Software - Application,63835.725047955,16.8,3.7,4.9,8.2,None Controversy Level,Moderado,0.16,Low,0.066,0.7020000000000001,0.158
417,ATO,Atmos Energy Corporation,Utilities,Utilities - Regulated Gas,5019.0,34.6,14.8,6.4,13.4,Moderate Controversy Level,Moderado,0.83,High,0.0475926373712359,0.1622275745503197,0.048
418,T,At&t Inc.,Communication Services,Telecom Services,148290.0,23.9,3.3,6.7,13.9,Significant Controversy Level,Significativo,0.44,Medium,-0.019,-0.069,-0.036
419,AIZ,"Assurant, Inc.",Financial Services,Insurance - Specialty,13600.0,24.1,1.6,11.7,10.8,Moderate Controversy Level,Moderado,0.45,Medium,0.008,0.062,0.061
420,AJG,Arthur J. Gallagher & Co.,Financial Services,Insurance Brokers,49821.0,21.2,0.1,10.1,10.9,Moderate Controversy Level,Moderado,0.33,Medium,0.0279999999999999,0.125,0.092
421,ANET,Arista Networks,Technology,Computer Hardware,4023.0,16.7,0.4,7.4,8.9,Low Controversy Level,Bajo,0.16,Low,0.218,0.31,0.266
422,ADM,Archer Daniels Midland Company,Consumer Defensive,Farm Products,40213.0,31.8,16.6,5.0,10.1,Significant Controversy Level,Significativo,0.75,High,0.071,0.18,0.098
423,APTV,Aptiv Plc,Consumer Cyclical,Auto Parts,154000.0,10.7,1.5,5.3,3.9,Low Controversy Level,Bajo,0.03,Low,0.026,0.063,0.071
424,AMAT,Applied Materials Inc,Technology,Semiconductor Equipment & Materials,34800.0,12.7,4.5,5.3,3.0,Low Controversy Level,Bajo,0.06,Low,0.243,0.524,0.38
425,AAPL,Apple Inc.,Technology,Consumer Electronics,150000.0,17.2,0.5,9.4,7.4,Significant Controversy Level,Significativo,0.18,Low,0.275,1.635,0.583
426,APA,Apa Corporation,Energy,Oil & Gas E&P,2271.0,38.8,22.0,8.0,8.9,Moderate Controversy Level,Moderado,0.83,High,0.282,9.249,0.769
427,AON,Aon Plc Class A,Financial Services,Insurance Brokers,50000.0,21.501052934269666,5.732317287169005,6.726212826019069,9.043153608231316,Moderate Controversy Level,Moderado,0.3557571615877983,Medium,0.045,2.781,0.153
428,ANSS,Ansys Inc,Technology,Software - Application,6200.0,15.9,3.5,5.1,7.3,None Controversy Level,Moderado,0.14,Low,0.084,0.115,0.096
429,ADI,"Analog Devices, Inc.",Technology,Semiconductors,26000.0,22.9,9.3,7.0,6.7,Low Controversy Level,Bajo,0.4,Medium,0.068,0.094,0.068
430,APH,Amphenol Corporation,Technology,Electronic Components,95000.0,19.6,7.3,7.6,4.6,Moderate Controversy Level,Moderado,0.26,Low,0.126,0.287,0.176
431,AMGN,Amgen Inc,Healthcare,Drug Manufacturers - General,26700.0,22.0,0.7,7.8,13.5,Significant Controversy Level,Significativo,0.36,Medium,0.106,2.461,0.206
432,AME,"Ametek, Inc.",Industrials,Specialty Industrial Machinery,21500.0,23.9,8.6,6.7,8.5,Low Controversy Level,Bajo,0.44,Medium,0.096,0.163,0.125
433,AMP,"Ameriprise Financial, Inc.",Financial Services,Asset Management,13800.0,20.3,2.1,10.3,7.8,Moderate Controversy Level,Moderado,0.29,Medium,0.016,0.632,0.069
434,AWK,"American Water Works Company, Inc",Utilities,Utilities - Regulated Water,6500.0,21.6,9.0,5.0,7.6,Low Controversy Level,Bajo,0.34,Medium,0.031,0.108,0.055
435,AMT,American Tower Corporation,Real Estate,REIT - Specialty,5643.0,10.9,2.9,5.2,2.8,Low Controversy Level,Bajo,0.04,Low,0.026,0.292,0.053
436,AIG,"American International Group, Inc.",Financial Services,Insurance - Diversified,25000.0,24.2,1.6,12.9,9.7,Moderate Controversy Level,Moderado,0.46,Medium,0.019,0.23,0.186
437,AXP,American Express Company,Financial Services,Credit Services,74600.0,18.6,0.1,9.7,8.9,Moderate Controversy Level,Moderado,0.23,Low,0.035,0.315,0.042
438,AEP,"American Electric Power Company, Inc.",Utilities,Utilities - Regulated Electric,16800.0,26.1,12.7,5.4,8.1,Moderate Controversy Level,Moderado,0.54,Medium,0.025,0.096,0.054
439,AAL,American Airlines Group Inc.,Industrials,Airlines,132800.0,26.4,9.9,4.8,11.6,Moderate Controversy Level,Moderado,0.54,Medium,0.002,-0.016,0.052
440,AEE,Ameren Corporation,Utilities,Utilities - Regulated Electric,9372.0,27.2,12.9,5.3,9.1,Moderate Controversy Level,Moderado,0.58,Medium,0.0289999999999999,0.106,0.052
441,AMCR,Amcor Plcs,Consumer Cyclical,Packaging & Containers,41000.0,21.501244781177245,5.732338395108257,6.72621237341651,9.043123910630015,Moderate Controversy Level,Moderado,0.3556739339292742,Medium,0.061,0.252,0.089
442,AMZN,Amazon.com Inc,Consumer Cyclical,Internet Retail,1525000.0,30.6,6.0,9.2,15.4,Significant Controversy Level,Significativo,0.71,High,-0.006,-0.02,0.066
443,MO,"Altria Group, Inc.",Consumer Defensive,Tobacco,6400.0,31.3,6.1,7.6,17.6,Significant Controversy Level,Significativo,0.74,High,0.156,-1.86,0.4529999999999999
444,GOOG,Alphabet Inc. Class C,Communication Services,Internet Content & Information,180895.0,21.49826273416201,5.732010295645785,6.72621940862043,9.043585526844817,Moderate Controversy Level,Moderado,0.356967615405853,Medium,0.1465676354298062,0.5905904618576422,0.1689061277990431
445,GOOGL,Alphabet Inc. Class A,Communication Services,Internet Content & Information,180895.0,24.2,1.6,11.5,11.2,High Controversy Level,Alto,0.46,Medium,0.1669999999999999,0.235,0.2339999999999999
446,LNT,Alliant Energy Corporation,Utilities,Utilities - Regulated Electric,3281.0,21.4,8.5,6.3,6.6,None Controversy Level,Moderado,0.33,Medium,0.035,0.111,0.06
447,ALLE,Allegion Public Limited Company,Industrials,Security & Protection Services,12200.0,21.8,10.9,5.0,5.8,None Controversy Level,Moderado,0.35,Medium,0.126,0.563,0.172
448,ALGN,Align Technology Inc,Healthcare,Medical Devices,21670.0,21.501656825702103,5.7323837302711285,6.72621140132679,9.043060126781896,Moderate Controversy Level,Moderado,0.3554951794138,Medium,0.061,0.099,0.1119999999999999
449,ARE,"Alexandria Real Estate Equities, Inc.",Real Estate,REIT - Office,568.0,13.9,3.9,6.3,3.7,None Controversy Level,Moderado,0.09,Low,0.015,0.0289999999999999,0.019
450,ALB,Albemarle Corporation,Basic Materials,Specialty Chemicals,9000.0,26.6,15.4,6.3,4.8,Moderate Controversy Level,Moderado,0.55,Medium,0.2019999999999999,0.4039999999999999,0.186
451,AKAM,Akamai Technologies Inc,Technology,Software - Infrastructure,10250.0,17.0,3.0,6.9,7.1,Low Controversy Level,Bajo,0.17,Low,0.064,0.122,0.083
452,APD,"Air Products & Chemicals, Inc.",Basic Materials,Specialty Chemicals,23000.0,12.3,7.4,3.3,1.5,Low Controversy Level,Bajo,0.05,Low,0.0819999999999999,0.166,0.088
453,A,Agilent Technologies Inc.,Healthcare,Diagnostics & Research,18000.0,13.6,1.1,6.1,6.4,Moderate Controversy Level,Moderado,0.08,Low,0.125,0.25,0.1689999999999999
454,AFL,Aflac Inc.,Financial Services,Insurance - Life,12785.0,18.3,0.3,8.9,9.1,Low Controversy Level,Bajo,0.22,Low,0.031,0.1639999999999999,0.149
455,AES,Aes Corporation,Utilities,Utilities - Diversified,9600.0,26.7,13.3,5.3,8.2,Moderate Controversy Level,Moderado,0.56,Medium,-0.015,-0.256,0.022
456,AMD,Advanced Micro Devices,Technology,Semiconductors,26000.0,21.50156452602323,5.732373575007021,6.726211619078911,9.043074414627853,Moderate Controversy Level,Moderado,0.3555352211650676,Medium,0.02,0.024,0.024
457,ADBE,Adobe Inc.,Technology,Software - Infrastructure,29945.0,13.1,1.9,5.2,6.0,Moderate Controversy Level,Moderado,0.07,Low,0.179,0.3389999999999999,0.267
458,ACN,Accenture Plc,Technology,Information Technology Services,742000.0,9.8,0.8,4.4,4.6,Moderate Controversy Level,Moderado,0.03,Negligible,0.153,0.324,0.319
459,ABBV,Abbvie Inc.,Healthcare,Drug Manufacturers - General,50000.0,29.9,2.4,10.4,17.2,Significant Controversy Level,Significativo,0.69,Medium,0.083,0.7340000000000001,0.205
460,ABT,Abbott Laboratories,Healthcare,Medical Devices,114000.0,24.8,2.3,8.3,14.2,Significant Controversy Level,Significativo,0.48,Medium,0.094,0.192,0.13
461,AOS,A.O. Smith Corporation,Industrials,Specialty Industrial Machinery,12000.0,25.4,7.2,6.4,11.9,Low Controversy Level,Bajo,0.51,Medium,0.071,0.133,0.113
462,MMM,3m Company,Industrials,Conglomerates,85000.0,37.3,17.2,6.5,13.6,Severe Controversy Level,Severo,0.89,High,0.126,0.402,0.193
